poi_name,Name,pid,Rating,Total_Review,opening_hours,open_days,Total_hours
Maple Ridge Public Library,Maple Ridge Public Library,ChIJO5jGBl_ThVQR7aRwKSD8rtc,4.5,63,"['Monday: 10:00 AM – 6:00 PM', 'Tuesday: 10:00 AM – 6:00 PM', 'Wednesday: 10:00 AM – 6:00 PM', 'Thursday: 10:00 AM – 6:00 PM', 'Friday: 10:00 AM – 5:00 PM', 'Saturday: 10:00 AM – 5:00 PM', 'Sunday: Closed']",6,46
White Rock Library,White Rock Library,ChIJQzBkD4LDhVQRn-f3SjvnPX0,4.2,29,"['Monday: 10:00 AM – 6:00 PM', 'Tuesday: 10:00 AM – 6:00 PM', 'Wednesday: 10:00 AM – 6:00 PM', 'Thursday: 10:00 AM – 6:00 PM', 'Friday: 10:00 AM – 5:00 PM', 'Saturday: 10:00 AM – 5:00 PM', 'Sunday: Closed']",6,46
221A Artist Run Centre,Access Artist-Run Centre,ChIJI_kXTHdxhlQRjSihNhSkWjw,4.5,2,"['Monday: 10:00 AM – 6:00 PM', 'Tuesday: 10:00 AM – 6:00 PM', 'Wednesday: 10:00 AM – 6:00 PM', 'Thursday: 10:00 AM – 8:00 PM', 'Friday: 10:00 AM – 8:00 PM', 'Saturday: 10:00 AM – 8:00 PM', 'Sunday: 10:00 AM – 6:00 PM']",7,62
Arteclectica Gallery,TAP True Aromatherapy Products & Spa,ChIJo2ZfhFjShVQRxnlngsT3q84,4.4,37,"['Monday: 11:00 AM – 6:00 PM', 'Tuesday: 11:00 AM – 6:00 PM', 'Wednesday: 11:00 AM – 6:00 PM', 'Thursday: 11:00 AM – 6:00 PM', 'Friday: 11:00 AM – 6:00 PM', 'Saturday: 11:00 AM – 6:00 PM', 'Sunday: 11:00 AM – 6:00 PM']",7,49
Bau-Xi Gallery,Bau-Xi Gallery,ChIJ9fwx4r5zhlQR3yJ5jk5pT5Y,4.4,12,"['Monday: 10:00 AM – 5:30 PM', 'Tuesday: 10:00 AM – 5:30 PM', 'Wednesday: 10:00 AM – 5:30 PM', 'Thursday: 10:00 AM – 5:30 PM', 'Friday: 10:00 AM – 5:30 PM', 'Saturday: 10:00 AM – 5:30 PM', 'Sunday: 10:00 AM – 5:30 PM']",7,52.5
BC Farm Machinery & Agricultural Museum Association,BC Farm Museum,ChIJBT3fCvbShVQRbwojVzpHyl8,4.5,74,"['Monday: 10:00 AM – 4:00 PM', 'Tuesday: 10:00 AM – 4:00 PM', 'Wednesday: 10:00 AM – 4:00 PM', 'Thursday: 10:00 AM – 4:00 PM', 'Friday: 10:00 AM – 4:00 PM', 'Saturday: 10:00 AM – 4:00 PM', 'Sunday: 10:00 AM – 4:00 PM']",7,42
Bloedel Conservatory,Bloedel Conservatory,ChIJnwmhxIpzhlQRr3heOBl69fg,4.6,4466,"['Monday: 10:00 AM – 4:45 PM', 'Tuesday: 10:00 AM – 4:45 PM', 'Wednesday: 10:00 AM – 4:45 PM', 'Thursday: 10:00 AM – 4:45 PM', 'Friday: 10:00 AM – 4:45 PM', 'Saturday: 10:00 AM – 4:45 PM', 'Sunday: 10:00 AM – 4:45 PM']",7,47.25
Bob Prittie Metrotown Branch,"Burnaby Public Library, Bob Prittie Metrotown Branch",ChIJu0r6z-x2hlQR8MFjWyu90J8,4.4,309,"['Monday: 10:00 AM – 5:00 PM', 'Tuesday: 10:00 AM – 7:00 PM', 'Wednesday: 10:00 AM – 7:00 PM', 'Thursday: 10:00 AM – 7:00 PM', 'Friday: 10:00 AM – 5:00 PM', 'Saturday: 10:00 AM – 4:00 PM', 'Sunday: 12:00 – 4:00 PM']",7,51
Bob Prittie Metrotown Library,"Burnaby Public Library, Bob Prittie Metrotown Branch",ChIJu0r6z-x2hlQR8MFjWyu90J8,4.4,309,"['Monday: 10:00 AM – 5:00 PM', 'Tuesday: 10:00 AM – 7:00 PM', 'Wednesday: 10:00 AM – 7:00 PM', 'Thursday: 10:00 AM – 7:00 PM', 'Friday: 10:00 AM – 5:00 PM', 'Saturday: 10:00 AM – 4:00 PM', 'Sunday: 12:00 – 4:00 PM']",7,51
Bully's Studios Inc,Bully's Rehearsal Studios Inc.,ChIJi-qTaXLYhVQR20wsramdr9k,4.8,66,"['Monday: 3:00 PM – 12:00 AM', 'Tuesday: 3:00 PM – 12:00 AM', 'Wednesday: 3:00 PM – 12:00 AM', 'Thursday: 3:00 PM – 12:00 AM', 'Friday: 3:00 PM – 12:00 AM', 'Saturday: 12:00 PM – 12:00 AM', 'Sunday: 12:00 PM – 12:00 AM']",7,99
Cameron,Cameron Recreation Complex,ChIJN8QuuTB4hlQRYn9k8AjxsQY,4.3,51,"['Monday: 8:00 AM – 9:00 PM', 'Tuesday: 8:00 AM – 9:00 PM', 'Wednesday: 8:00 AM – 9:00 PM', 'Thursday: 8:00 AM – 9:00 PM', 'Friday: 8:00 AM – 9:00 PM', 'Saturday: 8:00 AM – 6:00 PM', 'Sunday: 8:00 AM – 9:00 PM']",7,88
Cameron Library,"Burnaby Public Library, Cameron Branch",ChIJN8QuuTB4hlQRi0lE87tukG4,3.9,68,"['Monday: 10:00 AM – 5:00 PM', 'Tuesday: 10:00 AM – 7:00 PM', 'Wednesday: 10:00 AM – 7:00 PM', 'Thursday: 10:00 AM – 7:00 PM', 'Friday: 10:00 AM – 5:00 PM', 'Saturday: 10:00 AM – 4:00 PM', 'Sunday: 12:00 – 4:00 PM']",7,51
Canadian Lacrosse Hall of Fame & Museum,Canadian Lacrosse Hall of Fame,ChIJXVkBWfyBC0EREYC1W74KCko,4.6,5,"['Monday: 10:00 AM – 5:00 PM', 'Tuesday: 10:00 AM – 5:00 PM', 'Wednesday: 10:00 AM – 5:00 PM', 'Thursday: 10:00 AM – 8:00 PM', 'Friday: 10:00 AM – 5:00 PM', 'Saturday: 10:00 AM – 5:00 PM', 'Sunday: 10:00 AM – 5:00 PM']",7,52
Capilano,Capilano Suspension Bridge Park,ChIJSd7cANJvhlQRXg8TheyzUPM,4.5,19610,"['Monday: 11:00 AM – 6:00 PM', 'Tuesday: 11:00 AM – 6:00 PM', 'Wednesday: 11:00 AM – 6:00 PM', 'Thursday: 11:00 AM – 6:00 PM', 'Friday: 11:00 AM – 6:00 PM', 'Saturday: 11:00 AM – 6:00 PM', 'Sunday: 11:00 AM – 6:00 PM']",7,49
Carnegie Centre Theatre,Carnegie Community Centre,ChIJefCGwHBxhlQRGkC-RJTPtUo,4.1,592,"['Monday: 9:00 – 11:00 AM, 12:00 – 4:00 PM, 5:00 – 11:00 PM', 'Tuesday: 9:00 – 11:00 AM, 12:00 – 4:00 PM, 5:00 – 11:00 PM', 'Wednesday: 9:00 – 11:00 AM, 12:00 – 4:00 PM, 5:00 – 11:00 PM', 'Thursday: 9:00 – 11:00 AM, 12:00 – 4:00 PM, 5:00 – 11:00 PM', 'Friday: 9:00 – 11:00 AM, 12:00 – 4:00 PM, 5:00 – 11:00 PM', 'Saturday: 9:00 – 11:00 AM, 12:00 – 4:00 PM, 5:00 – 11:00 PM', 'Sunday: 9:00 – 11:00 AM, 12:00 – 4:00 PM, 5:00 – 11:00 PM']",7,42
Central Branch,"Vancouver Public Library, Central Library",ChIJQ9pJmH5xhlQRe_nvreYL37k,4.6,1072,"['Monday: 9:30 AM – 8:30 PM', 'Tuesday: 9:30 AM – 8:30 PM', 'Wednesday: 9:30 AM – 8:30 PM', 'Thursday: 9:30 AM – 8:30 PM', 'Friday: 9:30 AM – 6:00 PM', 'Saturday: 10:00 AM – 6:00 PM', 'Sunday: 11:00 AM – 6:00 PM']",7,67.5
Charles H. Scott Gallery,Libby Leshgold Gallery,ChIJaUgDss9zhlQRfgG43UIlj74,4.6,5,"['Monday: 12:00 – 5:00 PM', 'Tuesday: 12:00 – 5:00 PM', 'Wednesday: 12:00 – 5:00 PM', 'Thursday: 12:00 – 5:00 PM', 'Friday: 12:00 – 5:00 PM', 'Saturday: 12:00 – 5:00 PM', 'Sunday: 12:00 – 5:00 PM']",7,35
Cineplex Odeon International Village Cinemas,International Village Mall,ChIJ36zlvedzhlQRtVdcjZQtC6E,3.6,4168,"['Monday: 10:00 AM – 8:00 PM', 'Tuesday: 10:00 AM – 8:00 PM', 'Wednesday: 10:00 AM – 8:00 PM', 'Thursday: 10:00 AM – 8:00 PM', 'Friday: 10:00 AM – 8:00 PM', 'Saturday: 10:00 AM – 8:00 PM', 'Sunday: 10:00 AM – 8:00 PM']",7,70
Circle Craft Co-Operative Shop & Gallery,Circle Craft Store,ChIJ_zVCDYNxhlQR4cvQdGTfcG0,4.2,14,"['Monday: 10:00 AM – 5:15 PM', 'Tuesday: 10:00 AM – 5:15 PM', 'Wednesday: 10:00 AM – 5:15 PM', 'Thursday: 10:00 AM – 5:15 PM', 'Friday: 10:00 AM – 5:15 PM', 'Saturday: 10:00 AM – 5:15 PM', 'Sunday: 10:00 AM – 5:15 PM']",7,50.75
City Centre,Central City,ChIJe7OcgdTZhVQRxVnKiazlQBI,4,7849,"['Monday: 10:00 AM – 7:00 PM', 'Tuesday: 10:00 AM – 7:00 PM', 'Wednesday: 10:00 AM – 9:00 PM', 'Thursday: 10:00 AM – 9:00 PM', 'Friday: 10:00 AM – 9:00 PM', 'Saturday: 10:00 AM – 7:00 PM', 'Sunday: 11:00 AM – 6:00 PM']",7,67
City Centre Branch,"City Centre Branch, Coquitlam Public Library",ChIJb67OVzF_hlQRevOE3xOqGlI,4,170,"['Monday: 9:00 AM – 9:00 PM', 'Tuesday: 9:00 AM – 9:00 PM', 'Wednesday: 9:00 AM – 9:00 PM', 'Thursday: 9:00 AM – 9:00 PM', 'Friday: 9:00 AM – 5:00 PM', 'Saturday: 10:00 AM – 5:00 PM', 'Sunday: 10:00 AM – 5:00 PM']",7,70
Coastal Peoples Fine Arts Gallery Gastown,Coastal Peoples Fine Arts Gallery,ChIJB33QRtZzhlQRraPO8GCrqWw,4.4,33,"['Monday: 10:00 AM – 6:00 PM', 'Tuesday: 10:00 AM – 6:00 PM', 'Wednesday: 10:00 AM – 6:00 PM', 'Thursday: 10:00 AM – 6:00 PM', 'Friday: 10:00 AM – 6:00 PM', 'Saturday: 10:00 AM – 6:00 PM', 'Sunday: 10:00 AM – 6:00 PM']",7,56
Coastal Peoples Fine Arts Gallery Yaletown,Coastal Peoples Fine Arts Gallery,ChIJB33QRtZzhlQRraPO8GCrqWw,4.4,33,"['Monday: 10:00 AM – 6:00 PM', 'Tuesday: 10:00 AM – 6:00 PM', 'Wednesday: 10:00 AM – 6:00 PM', 'Thursday: 10:00 AM – 6:00 PM', 'Friday: 10:00 AM – 6:00 PM', 'Saturday: 10:00 AM – 6:00 PM', 'Sunday: 10:00 AM – 6:00 PM']",7,56
Coquitlam Public Library,"Poirier Branch, Coquitlam Public Library",ChIJGcziDIp4hlQRaNwWl3wP8-s,4.5,87,"['Monday: 9:00 AM – 9:00 PM', 'Tuesday: 9:00 AM – 9:00 PM', 'Wednesday: 9:00 AM – 9:00 PM', 'Thursday: 9:00 AM – 9:00 PM', 'Friday: 9:00 AM – 5:00 PM', 'Saturday: 10:00 AM – 5:00 PM', 'Sunday: 12:00 – 5:00 PM']",7,68
Dee Spencer Native Art,Douglas Reynolds Gallery,ChIJtwIUx8dzhlQRmN-hjQzn3Xg,5,28,"['Monday: 10:00 AM – 6:00 PM', 'Tuesday: 10:00 AM – 6:00 PM', 'Wednesday: 10:00 AM – 6:00 PM', 'Thursday: 10:00 AM – 6:00 PM', 'Friday: 10:00 AM – 6:00 PM', 'Saturday: 10:00 AM – 6:00 PM', 'Sunday: 12:00 – 5:00 PM']",7,53
Douglas Reynolds Gallery,Douglas Reynolds Gallery,ChIJtwIUx8dzhlQRmN-hjQzn3Xg,5,28,"['Monday: 10:00 AM – 6:00 PM', 'Tuesday: 10:00 AM – 6:00 PM', 'Wednesday: 10:00 AM – 6:00 PM', 'Thursday: 10:00 AM – 6:00 PM', 'Friday: 10:00 AM – 6:00 PM', 'Saturday: 10:00 AM – 6:00 PM', 'Sunday: 12:00 – 5:00 PM']",7,53
Dunbar,Dunbar Theatre,ChIJ_7RfWRFzhlQRQw1td20k8M4,4.5,430,"['Monday: 12:00 AM – 12:00 PM, 1:00 PM – 12:00 AM', 'Tuesday: 12:00 AM – 12:00 PM, 1:00 PM – 12:00 AM', 'Wednesday: 12:00 AM – 12:00 PM, 1:00 PM – 12:00 AM', 'Thursday: 12:00 AM – 12:00 PM, 1:00 PM – 12:00 AM', 'Friday: 12:00 AM – 12:00 PM, 1:00 PM – 12:00 AM', 'Saturday: 12:00 AM – 12:00 PM, 1:00 PM – 12:00 AM', 'Sunday: 12:00 AM – 12:00 PM, 1:00 PM – 12:00 AM']",7,91
Emily Carr Institute of Art + Design 1612 Gallery,Emily Carr University of Art + Design,ChIJH6WXuV1xhlQR0PSIpGhUQ0o,3.9,109,"['Monday: 7:30 AM – 1:00 AM', 'Tuesday: 7:30 AM – 1:00 AM', 'Wednesday: 7:30 AM – 1:00 AM', 'Thursday: 7:30 AM – 1:00 AM', 'Friday: 7:30 AM – 11:00 PM', 'Saturday: 8:30 AM – 11:00 PM', 'Sunday: 8:30 AM – 11:00 PM']",7,70.5
Fang-Chih Liao,Federation Gallery,ChIJN05VLndzhlQRFl5m84NzW0Y,5,32,"['Monday: 10:00 AM – 4:00 PM', 'Tuesday: 10:00 AM – 4:00 PM', 'Wednesday: 10:00 AM – 4:00 PM', 'Thursday: 10:00 AM – 4:00 PM', 'Friday: 10:00 AM – 4:00 PM', 'Saturday: 10:00 AM – 4:00 PM', 'Sunday: 10:00 AM – 4:00 PM']",7,42
Federation Gallery,Federation Gallery,ChIJN05VLndzhlQRFl5m84NzW0Y,5,32,"['Monday: 10:00 AM – 4:00 PM', 'Tuesday: 10:00 AM – 4:00 PM', 'Wednesday: 10:00 AM – 4:00 PM', 'Thursday: 10:00 AM – 4:00 PM', 'Friday: 10:00 AM – 4:00 PM', 'Saturday: 10:00 AM – 4:00 PM', 'Sunday: 10:00 AM – 4:00 PM']",7,42
Fort Langley National Historic Site of Canada,Fort Langley National Historic Site of Canada,ChIJTYG81vXShVQRD-82Ldaj7sE,4.5,1438,"['Monday: 10:00 AM – 5:00 PM', 'Tuesday: 10:00 AM – 5:00 PM', 'Wednesday: 10:00 AM – 5:00 PM', 'Thursday: 10:00 AM – 5:00 PM', 'Friday: 10:00 AM – 5:00 PM', 'Saturday: 10:00 AM – 5:00 PM', 'Sunday: 10:00 AM – 5:00 PM']",7,49
Fraser River Discovery Centre,Fraser River Discovery Centre,ChIJDwDMWG7YhVQRDOdiVlW9kuk,4.3,138,"['Monday: 10:00 AM – 4:00 PM', 'Tuesday: 10:00 AM – 4:00 PM', 'Wednesday: 10:00 AM – 4:00 PM', 'Thursday: 10:00 AM – 4:00 PM', 'Friday: 10:00 AM – 4:00 PM', 'Saturday: 10:00 AM – 4:00 PM', 'Sunday: 10:00 AM – 4:00 PM']",7,42
Granville Fine Arts,Vancouver Fine Art Gallery,ChIJPYxOsoVzhlQRnkQ_J9VR3lM,5,11,"['Monday: 10:00 AM – 6:00 PM', 'Tuesday: 10:00 AM – 6:00 PM', 'Wednesday: 10:00 AM – 6:00 PM', 'Thursday: 10:00 AM – 6:00 PM', 'Friday: 10:00 AM – 6:00 PM', 'Saturday: 10:00 AM – 6:00 PM', 'Sunday: 12:00 – 4:00 PM']",7,52
Gulf of Georgia Cannery National Historic Site,Gulf of Georgia Cannery National Historic Site,ChIJZTvdPXYKhlQRCqHE9q0UWUA,4.5,704,"['Monday: 10:00 AM – 5:00 PM', 'Tuesday: 10:00 AM – 5:00 PM', 'Wednesday: 10:00 AM – 5:00 PM', 'Thursday: 10:00 AM – 5:00 PM', 'Friday: 10:00 AM – 5:00 PM', 'Saturday: 10:00 AM – 5:00 PM', 'Sunday: 10:00 AM – 5:00 PM']",7,49
Guy Allen,RONA B.H. Allen Building Centre Ltd,ChIJQcV3jctxhlQRTANmdfFKj3E,3.5,225,"['Monday: 7:00 AM – 8:00 PM', 'Tuesday: 7:00 AM – 8:00 PM', 'Wednesday: 7:00 AM – 8:00 PM', 'Thursday: 7:00 AM – 8:00 PM', 'Friday: 7:00 AM – 8:00 PM', 'Saturday: 7:00 AM – 6:00 PM', 'Sunday: 9:00 AM – 5:00 PM']",7,84
Havana Gallery,Havana Vancouver,ChIJz-KODz9xhlQRtVWCFPnJBpY,4.2,1747,"['Monday: 11:00 AM – 11:00 PM', 'Tuesday: 11:00 AM – 11:00 PM', 'Wednesday: 11:00 AM – 11:00 PM', 'Thursday: 11:00 AM – 11:00 PM', 'Friday: 11:00 AM – 11:00 PM', 'Saturday: 10:00 AM – 11:00 PM', 'Sunday: 10:00 AM – 11:00 PM']",7,86
Havana Theatre,Havana Vancouver,ChIJz-KODz9xhlQRtVWCFPnJBpY,4.2,1747,"['Monday: 11:00 AM – 11:00 PM', 'Tuesday: 11:00 AM – 11:00 PM', 'Wednesday: 11:00 AM – 11:00 PM', 'Thursday: 11:00 AM – 11:00 PM', 'Friday: 11:00 AM – 11:00 PM', 'Saturday: 10:00 AM – 11:00 PM', 'Sunday: 10:00 AM – 11:00 PM']",7,86
Heritage Circle Installations Ltd,Rogers' Chocolates,ChIJ10OphpB0j1QRo7e7Eitq9vg,4.5,362,"['Monday: 10:00 AM – 6:00 PM', 'Tuesday: 10:00 AM – 6:00 PM', 'Wednesday: 10:00 AM – 6:00 PM', 'Thursday: 10:00 AM – 6:00 PM', 'Friday: 10:00 AM – 6:00 PM', 'Saturday: 10:00 AM – 6:00 PM', 'Sunday: 11:00 AM – 6:00 PM']",7,55
Heritage Meats Ltd,Heritage Meats Ltd,ChIJiTIe2S3QhVQRXLP-SkMz0Sk,4.5,216,"['Monday: 10:00 AM – 6:00 PM', 'Tuesday: 10:00 AM – 6:00 PM', 'Wednesday: 10:00 AM – 6:00 PM', 'Thursday: 10:00 AM – 6:00 PM', 'Friday: 10:00 AM – 6:00 PM', 'Saturday: 10:00 AM – 6:00 PM', 'Sunday: 10:00 AM – 5:00 PM']",7,55
Ice Box Gallery,Ice Box Gallery,ChIJ08rDWXFxhlQRIjddEzSWw-o,5,1,"['Monday: 10:00 AM – 6:00 PM', 'Tuesday: 10:00 AM – 6:00 PM', 'Wednesday: 10:00 AM – 6:00 PM', 'Thursday: 10:00 AM – 6:00 PM', 'Friday: 10:00 AM – 6:00 PM', 'Saturday: 10:00 AM – 6:00 PM', 'Sunday: 10:00 AM – 6:00 PM']",7,56
Joe Fortes,Joe Fortes Seafood & Chop House,ChIJiUwIWIBxhlQRzKG3k_9C-T8,4.5,4219,"['Monday: 11:00 AM – 10:00 PM', 'Tuesday: 11:00 AM – 10:00 PM', 'Wednesday: 11:00 AM – 10:00 PM', 'Thursday: 11:00 AM – 10:00 PM', 'Friday: 11:00 AM – 10:00 PM', 'Saturday: 11:00 AM – 10:00 PM', 'Sunday: 11:00 AM – 10:00 PM']",7,77
Kizmit Gift Gallery Inc,Kizmit Gift Gallery,ChIJfW6FLfbShVQRSra14rGz3jY,4.9,9,"['Monday: 12:00 – 5:00 PM', 'Tuesday: 12:00 – 5:00 PM', 'Wednesday: 12:00 – 5:00 PM', 'Thursday: 12:00 – 5:00 PM', 'Friday: 12:00 – 5:00 PM', 'Saturday: 1:00 – 5:00 PM', 'Sunday: 1:00 – 5:00 PM']",7,57
Lattimer Gallery,Lattimer Gallery,ChIJYX-6P8lzhlQRzOxgwTC5Eho,4.5,55,"['Monday: 10:00 AM – 5:30 PM', 'Tuesday: 10:00 AM – 5:30 PM', 'Wednesday: 10:00 AM – 5:30 PM', 'Thursday: 10:00 AM – 5:30 PM', 'Friday: 10:00 AM – 5:30 PM', 'Saturday: 10:00 AM – 5:30 PM', 'Sunday: 11:00 AM – 5:00 PM']",7,51
Make Gallery,Vancouver Art Gallery,ChIJwXz9f39xhlQRT3qxXAPDlbU,4.3,5828,"['Monday: 10:00 AM – 5:00 PM', 'Tuesday: 12:00 – 8:00 PM', 'Wednesday: 10:00 AM – 5:00 PM', 'Thursday: 10:00 AM – 5:00 PM', 'Friday: 12:00 – 8:00 PM', 'Saturday: 10:00 AM – 5:00 PM', 'Sunday: 10:00 AM – 5:00 PM']",7,51
Malaspina Printmakers Gallery,Malaspina Printmakers Society,ChIJRxH4is5zhlQRo4VTD-Bg3CE,4.9,15,"['Monday: 12:00 – 5:00 PM', 'Tuesday: 12:00 – 5:00 PM', 'Wednesday: 12:00 – 5:00 PM', 'Thursday: 12:00 – 5:00 PM', 'Friday: 12:00 – 5:00 PM', 'Saturday: 12:00 – 5:00 PM', 'Sunday: 12:00 – 5:00 PM']",7,35
Mcgill,"Burnaby Public Library, McGill Branch",ChIJ9cKS2bVwhlQRpzLlFw7oL7A,4.7,114,"['Monday: 10:00 AM – 5:00 PM', 'Tuesday: 10:00 AM – 7:00 PM', 'Wednesday: 10:00 AM – 7:00 PM', 'Thursday: 10:00 AM – 7:00 PM', 'Friday: 10:00 AM – 5:00 PM', 'Saturday: 10:00 AM – 4:00 PM', 'Sunday: 12:00 – 4:00 PM']",7,51
Mcgill Library,"Burnaby Public Library, McGill Branch",ChIJ9cKS2bVwhlQRpzLlFw7oL7A,4.7,114,"['Monday: 10:00 AM – 5:00 PM', 'Tuesday: 10:00 AM – 7:00 PM', 'Wednesday: 10:00 AM – 7:00 PM', 'Thursday: 10:00 AM – 7:00 PM', 'Friday: 10:00 AM – 5:00 PM', 'Saturday: 10:00 AM – 4:00 PM', 'Sunday: 12:00 – 4:00 PM']",7,51
Music Box Music And Theatre Academy,Music Box New Westminster's Music Academy,ChIJo7E9C3LYhVQRxjNZ3FFDpy0,4.8,22,"['Monday: 12:30 – 8:30 PM', 'Tuesday: 12:30 – 8:30 PM', 'Wednesday: 12:30 – 8:30 PM', 'Thursday: 12:30 – 8:30 PM', 'Friday: 12:30 – 8:30 PM', 'Saturday: 9:00 AM – 5:00 PM', 'Sunday: 12:00 – 5:00 PM']",7,53
New Westminster Public Library,New Westminster Public Library,ChIJjUW1sNh3hlQRpPVardz4bQY,4.2,117,"['Monday: 10:00 AM – 6:00 PM', 'Tuesday: 10:00 AM – 6:00 PM', 'Wednesday: 10:00 AM – 6:00 PM', 'Thursday: 10:00 AM – 6:00 PM', 'Friday: 10:00 AM – 5:00 PM', 'Saturday: 10:00 AM – 5:00 PM', 'Sunday: 12:00 – 5:00 PM']",7,51
New Westminster Public Library And Archives,New Westminster Public Library,ChIJjUW1sNh3hlQRpPVardz4bQY,4.2,117,"['Monday: 10:00 AM – 6:00 PM', 'Tuesday: 10:00 AM – 6:00 PM', 'Wednesday: 10:00 AM – 6:00 PM', 'Thursday: 10:00 AM – 6:00 PM', 'Friday: 10:00 AM – 5:00 PM', 'Saturday: 10:00 AM – 5:00 PM', 'Sunday: 12:00 – 5:00 PM']",7,51
Newton,Surrey Libraries - Newton Branch,ChIJTc4CnTPahVQRITom3uj4SAI,4.4,105,"['Monday: 1:00 – 5:00 PM', 'Tuesday: 9:30 AM – 8:00 PM', 'Wednesday: 9:30 AM – 8:00 PM', 'Thursday: 9:30 AM – 6:00 PM', 'Friday: 9:30 AM – 6:00 PM', 'Saturday: 10:00 AM – 5:00 PM', 'Sunday: 1:00 – 5:00 PM']",7,77
North Vancouver City Library,North Vancouver City Library,ChIJeafBBzhwhlQR5lBY6jLGtnY,4.6,138,"['Monday: 10:00 AM – 5:00 PM', 'Tuesday: 10:00 AM – 8:00 PM', 'Wednesday: 10:00 AM – 8:00 PM', 'Thursday: 10:00 AM – 8:00 PM', 'Friday: 10:00 AM – 5:00 PM', 'Saturday: 10:00 AM – 5:00 PM', 'Sunday: 1:00 – 5:00 PM']",7,67
Orpheum Theatre,The Orpheum,ChIJXYebzX9xhlQRnChzu0W7GW8,4.7,2807,"['Monday: 8:00 AM – 8:00 PM', 'Tuesday: 8:00 AM – 8:00 PM', 'Wednesday: 8:00 AM – 8:00 PM', 'Thursday: 8:00 AM – 8:00 PM', 'Friday: 8:00 AM – 8:00 PM', 'Saturday: 8:00 AM – 8:00 PM', 'Sunday: 8:00 AM – 8:00 PM']",7,84
Parkgate,Parkgate Society,ChIJ2zdWmUJ6hlQReQB57hlaHKc,3.8,4,"['Monday: 8:00 AM – 6:00 PM', 'Tuesday: 8:00 AM – 6:00 PM', 'Wednesday: 8:00 AM – 6:00 PM', 'Thursday: 8:00 AM – 6:00 PM', 'Friday: 8:00 AM – 6:00 PM', 'Saturday: 9:00 AM – 5:00 PM', 'Sunday: 9:00 AM – 5:00 PM']",7,66
Poirier Branch,"Poirier Branch, Coquitlam Public Library",ChIJGcziDIp4hlQRaNwWl3wP8-s,4.5,87,"['Monday: 9:00 AM – 9:00 PM', 'Tuesday: 9:00 AM – 9:00 PM', 'Wednesday: 9:00 AM – 9:00 PM', 'Thursday: 9:00 AM – 9:00 PM', 'Friday: 9:00 AM – 5:00 PM', 'Saturday: 10:00 AM – 5:00 PM', 'Sunday: 12:00 – 5:00 PM']",7,68
Port Moody Station Museum,Port Moody Station Museum,ChIJFU19_h15hlQRD--S5voqh_g,4.5,110,"['Monday: 10:00 AM – 5:00 PM', 'Tuesday: 10:00 AM – 5:00 PM', 'Wednesday: 10:00 AM – 5:00 PM', 'Thursday: 10:00 AM – 5:00 PM', 'Friday: 10:00 AM – 5:00 PM', 'Saturday: 10:00 AM – 5:00 PM', 'Sunday: 10:00 AM – 5:00 PM']",7,49
Queen Elizabeth Park,Queen Elizabeth Park,ChIJIcZrTvVzhlQRiKTnD03vt7Q,4.7,10490,"['Monday: 6:00 AM – 10:00 PM', 'Tuesday: 6:00 AM – 10:00 PM', 'Wednesday: 6:00 AM – 10:00 PM', 'Thursday: 6:00 AM – 10:00 PM', 'Friday: 6:00 AM – 10:00 PM', 'Saturday: 6:00 AM – 10:00 PM', 'Sunday: 6:00 AM – 10:00 PM']",7,112
Remington Gallery And Studio,Doris,ChIJRyBOjnBxhlQROcEP-N6V6yc,4.7,7,"['Monday: 8:00 AM – 10:00 PM', 'Tuesday: 8:00 AM – 10:00 PM', 'Wednesday: 8:00 AM – 10:00 PM', 'Thursday: 8:00 AM – 10:00 PM', 'Friday: 8:00 AM – 10:00 PM', 'Saturday: 8:00 AM – 10:00 PM', 'Sunday: 8:00 AM – 10:00 PM']",7,98
Renfrew Branch,"Vancouver Public Library, Renfrew Branch",ChIJlUfD98d2hlQR9ljoqZ6DJ4g,4.4,70,"['Monday: 10:00 AM – 9:00 PM', 'Tuesday: 10:00 AM – 9:00 PM', 'Wednesday: 10:00 AM – 9:00 PM', 'Thursday: 10:00 AM – 9:00 PM', 'Friday: 10:00 AM – 6:00 PM', 'Saturday: 10:00 AM – 6:00 PM', 'Sunday: 10:00 AM – 6:00 PM']",7,68
Richmond Nature Park,Richmond Nature Park,ChIJBU91Ump1hlQRNhss6L2V8s4,4.4,798,"['Monday: 7:00 AM – 6:00 PM', 'Tuesday: 7:00 AM – 6:00 PM', 'Wednesday: 7:00 AM – 6:00 PM', 'Thursday: 7:00 AM – 6:00 PM', 'Friday: 7:00 AM – 6:00 PM', 'Saturday: 7:00 AM – 6:00 PM', 'Sunday: 7:00 AM – 6:00 PM']",7,77
Rickshaw Theatre,Rickshaw Theatre,ChIJD3NnrXFxhlQRWqziQZQhHHw,4.4,874,"['Monday: 10:00 AM – 6:00 PM', 'Tuesday: 10:00 AM – 6:00 PM', 'Wednesday: 10:00 AM – 6:00 PM', 'Thursday: 10:00 AM – 6:00 PM', 'Friday: 10:00 AM – 6:00 PM', 'Saturday: 10:00 AM – 6:00 PM', 'Sunday: 10:00 AM – 6:00 PM']",7,56
Science World At Telus World of Science,Science World,ChIJnZHwi2NxhlQRN3CYHzc3giE,4.5,8833,"['Monday: 10:00 AM – 5:00 PM', 'Tuesday: 10:00 AM – 5:00 PM', 'Wednesday: 10:00 AM – 5:00 PM', 'Thursday: 10:00 AM – 5:00 PM', 'Friday: 10:00 AM – 5:00 PM', 'Saturday: 10:00 AM – 5:00 PM', 'Sunday: 10:00 AM – 5:00 PM']",7,49
Scotiabank Dance Centre - Faris Family Studio,The Dance Centre,ChIJ1W0OFNRzhlQRkh6fdGecGxA,4.6,208,"['Monday: 10:00 AM – 7:00 PM', 'Tuesday: 10:00 AM – 7:00 PM', 'Wednesday: 10:00 AM – 7:00 PM', 'Thursday: 10:00 AM – 7:00 PM', 'Friday: 10:00 AM – 7:00 PM', 'Saturday: 10:00 AM – 6:00 PM', 'Sunday: 10:00 AM – 6:00 PM']",7,61
Semiahmoo Library,Surrey Libraries - Semiahmoo Branch,ChIJy66MpmLDhVQRkL_-GdQoyJU,4.5,68,"['Monday: 1:00 – 5:00 PM', 'Tuesday: 9:30 AM – 8:00 PM', 'Wednesday: 9:30 AM – 8:00 PM', 'Thursday: 9:30 AM – 6:00 PM', 'Friday: 9:30 AM – 6:00 PM', 'Saturday: 10:00 AM – 5:00 PM', 'Sunday: 1:00 – 5:00 PM']",7,77
Skwachàys Lodge Gallery,Skwachay's Lodge Urban Aboriginal Art Gallery,ChIJddQ0P3pxhlQRM9EcgtNdi7Y,4.3,33,"['Monday: 10:00 AM – 11:00 PM', 'Tuesday: 10:00 AM – 11:00 PM', 'Wednesday: 10:00 AM – 11:00 PM', 'Thursday: 10:00 AM – 11:00 PM', 'Friday: 10:00 AM – 11:00 PM', 'Saturday: 10:00 AM – 11:00 PM', 'Sunday: 10:00 AM – 11:00 PM']",7,91
St. Roch National Historic Site C/O Vancouver Maritime Museum,St. Roch,ChIJ1Z9UgDRyhlQRDa5EUSNJuA8,4.8,14,"['Monday: 10:00 AM – 5:00 PM', 'Tuesday: 10:00 AM – 5:00 PM', 'Wednesday: 10:00 AM – 5:00 PM', 'Thursday: 10:00 AM – 8:00 PM', 'Friday: 10:00 AM – 5:00 PM', 'Saturday: 10:00 AM – 5:00 PM', 'Sunday: 10:00 AM – 5:00 PM']",7,52
Terry Salman Branch,"Vancouver Public Library, Terry Salman Branch",ChIJQYo5sPVzhlQRllYMfxmI1c0,4.4,29,"['Monday: 9:00 AM – 9:00 PM', 'Tuesday: 9:00 AM – 9:00 PM', 'Wednesday: 9:00 AM – 9:00 PM', 'Thursday: 9:00 AM – 9:00 PM', 'Friday: 9:00 AM – 9:00 PM', 'Saturday: 9:00 AM – 6:00 PM', 'Sunday: 9:00 AM – 6:00 PM']",7,78
The Ironworks Studio,The Ironworks,ChIJP1KRT3FxhlQR1xDp8iXxwW4,4.2,47,"['Monday: Open 24 hours', 'Tuesday: Open 24 hours', 'Wednesday: Open 24 hours', 'Thursday: Open 24 hours', 'Friday: Open 24 hours', 'Saturday: Open 24 hours', 'Sunday: Open 24 hours']",7,0
The Mojo Stars,The Heritage Grill,ChIJzwDGfU0sflMRPvHYZ3crK-U,3.9,657,"['Monday: 10:00 AM – 10:00 PM', 'Tuesday: 10:00 AM – 10:00 PM', 'Wednesday: 10:00 AM – 10:00 PM', 'Thursday: 10:00 AM – 10:00 PM', 'Friday: 10:00 AM – 10:00 PM', 'Saturday: 10:00 AM – 10:00 PM', 'Sunday: 10:00 AM – 10:00 PM']",7,84
Tom Lee Music Recital Hall,Tom Lee Music Vancouver,ChIJf0VOf9VzhlQRguK2M4FaDqQ,3.5,209,"['Monday: 10:00 AM – 6:00 PM', 'Tuesday: 10:00 AM – 6:00 PM', 'Wednesday: 10:00 AM – 6:00 PM', 'Thursday: 10:00 AM – 6:00 PM', 'Friday: 10:00 AM – 6:00 PM', 'Saturday: 10:00 AM – 6:00 PM', 'Sunday: 12:00 – 5:00 PM']",7,53
Tommy Douglas Branch,"Burnaby Public Library, Tommy Douglas Library",ChIJqcsB8ct3hlQRqXJN1Gi9cow,4.4,112,"['Monday: 10:00 AM – 5:00 PM', 'Tuesday: 10:00 AM – 7:00 PM', 'Wednesday: 10:00 AM – 7:00 PM', 'Thursday: 10:00 AM – 7:00 PM', 'Friday: 10:00 AM – 5:00 PM', 'Saturday: 10:00 AM – 4:00 PM', 'Sunday: 12:00 – 4:00 PM']",7,51
Tommy Douglas Library,"Burnaby Public Library, Tommy Douglas Library",ChIJqcsB8ct3hlQRqXJN1Gi9cow,4.4,112,"['Monday: 10:00 AM – 5:00 PM', 'Tuesday: 10:00 AM – 7:00 PM', 'Wednesday: 10:00 AM – 7:00 PM', 'Thursday: 10:00 AM – 7:00 PM', 'Friday: 10:00 AM – 5:00 PM', 'Saturday: 10:00 AM – 4:00 PM', 'Sunday: 12:00 – 4:00 PM']",7,51
Trillium North Park,Trillium Park,ChIJqe3omWVxhlQRnQQZik9OmLk,4.2,385,"['Monday: 6:00 AM – 10:00 PM', 'Tuesday: 6:00 AM – 10:00 PM', 'Wednesday: 6:00 AM – 10:00 PM', 'Thursday: 6:00 AM – 10:00 PM', 'Friday: 6:00 AM – 10:00 PM', 'Saturday: 6:00 AM – 10:00 PM', 'Sunday: 6:00 AM – 10:00 PM']",7,112
Van Dusen Botanical Garden,VanDusen Botanical Garden,ChIJwW3HeIZzhlQRVxJgWI8VjAg,4.6,6937,"['Monday: 10:00 AM – 5:00 PM', 'Tuesday: 10:00 AM – 5:00 PM', 'Wednesday: 10:00 AM – 5:00 PM', 'Thursday: 10:00 AM – 5:00 PM', 'Friday: 10:00 AM – 5:00 PM', 'Saturday: 10:00 AM – 5:00 PM', 'Sunday: 10:00 AM – 5:00 PM']",7,49
Vancity Theatre,Vancity Theatre – VIFF Centre,ChIJ9cRQO9RzhlQRcDd_iut2UH4,4.6,469,"['Monday: 9:00 AM – 9:00 PM', 'Tuesday: 9:00 AM – 9:00 PM', 'Wednesday: 9:00 AM – 9:00 PM', 'Thursday: 9:00 AM – 9:00 PM', 'Friday: 9:00 AM – 9:00 PM', 'Saturday: 9:00 AM – 9:00 PM', 'Sunday: 9:00 AM – 9:00 PM']",7,84
Vancouver Access Artist Run Centre,Access Artist-Run Centre,ChIJI_kXTHdxhlQRjSihNhSkWjw,4.5,2,"['Monday: 10:00 AM – 6:00 PM', 'Tuesday: 10:00 AM – 6:00 PM', 'Wednesday: 10:00 AM – 6:00 PM', 'Thursday: 10:00 AM – 8:00 PM', 'Friday: 10:00 AM – 8:00 PM', 'Saturday: 10:00 AM – 8:00 PM', 'Sunday: 10:00 AM – 6:00 PM']",7,62
Vancouver Art Gallery,Vancouver Art Gallery,ChIJwXz9f39xhlQRT3qxXAPDlbU,4.3,5828,"['Monday: 10:00 AM – 5:00 PM', 'Tuesday: 12:00 – 8:00 PM', 'Wednesday: 10:00 AM – 5:00 PM', 'Thursday: 10:00 AM – 5:00 PM', 'Friday: 12:00 – 8:00 PM', 'Saturday: 10:00 AM – 5:00 PM', 'Sunday: 10:00 AM – 5:00 PM']",7,51
Vancouver Art Gallery Offsite,Vancouver Art Gallery Offsite,ChIJC2a6pYFxhlQRUE-r4PRUkc8,4.5,23,"['Monday: Open 24 hours', 'Tuesday: Open 24 hours', 'Wednesday: Open 24 hours', 'Thursday: Open 24 hours', 'Friday: Open 24 hours', 'Saturday: Open 24 hours', 'Sunday: Open 24 hours']",7,0
Vancouver Biennale,Vancouver International Sculpture Biennale,ChIJ84iLI99zhlQRW_ZlNTWP8fA,4.8,12,"['Monday: 10:00 AM – 5:00 PM', 'Tuesday: 10:00 AM – 5:00 PM', 'Wednesday: 10:00 AM – 5:00 PM', 'Thursday: 10:00 AM – 5:00 PM', 'Friday: 10:00 AM – 5:00 PM', 'Saturday: 10:00 AM – 5:00 PM', 'Sunday: 10:00 AM – 5:00 PM']",7,49
Vancouver Public Library,"Vancouver Public Library, Central Library",ChIJQ9pJmH5xhlQRe_nvreYL37k,4.6,1072,"['Monday: 9:30 AM – 8:30 PM', 'Tuesday: 9:30 AM – 8:30 PM', 'Wednesday: 9:30 AM – 8:30 PM', 'Thursday: 9:30 AM – 8:30 PM', 'Friday: 9:30 AM – 6:00 PM', 'Saturday: 10:00 AM – 6:00 PM', 'Sunday: 11:00 AM – 6:00 PM']",7,67.5
West Vancouver Memorial Library,West Vancouver Memorial Library,ChIJmXTQ0BFuhlQRPldMpc91KKc,4.6,92,"['Monday: 10:00 AM – 5:30 PM', 'Tuesday: 10:00 AM – 7:30 PM', 'Wednesday: 10:00 AM – 5:30 PM', 'Thursday: 10:00 AM – 7:30 PM', 'Friday: 10:00 AM – 5:30 PM', 'Saturday: 10:00 AM – 5:30 PM', 'Sunday: 10:00 AM – 5:30 PM']",7,56.5
Willowbrook Art Gallery,Willowbrook Art Gallery & Framing,ChIJkezPMSnQhVQRhYiDFiyB9UU,4.6,37,"['Monday: 10:00 AM – 6:00 PM', 'Tuesday: 10:00 AM – 6:00 PM', 'Wednesday: 10:00 AM – 6:00 PM', 'Thursday: 10:00 AM – 6:00 PM', 'Friday: 10:00 AM – 6:00 PM', 'Saturday: 10:00 AM – 6:00 PM', 'Sunday: 11:00 AM – 6:00 PM']",7,55
Wise Club Hall,The Wise,ChIJozmE7T1xhlQRt-UlKOC-wz4,4.5,251,"['Monday: 5:00 PM – 1:00 AM', 'Tuesday: 5:00 PM – 1:00 AM', 'Wednesday: 5:00 PM – 1:00 AM', 'Thursday: 5:00 PM – 1:00 AM', 'Friday: 5:00 PM – 2:00 AM', 'Saturday: 5:00 PM – 2:00 AM', 'Sunday: 5:00 PM – 12:00 AM']",7,111
Aldergrove Library,Aldergrove Library,ChIJnUQ_GcLLhVQR45Ya8rbkqjs,4.9,18,"['Monday: 10:00 AM – 6:00 PM', 'Tuesday: 10:00 AM – 6:00 PM', 'Wednesday: 10:00 AM – 6:00 PM', 'Thursday: 10:00 AM – 6:00 PM', 'Friday: 10:00 AM – 5:00 PM', 'Saturday: 10:00 AM – 5:00 PM', 'Sunday: Closed']",6,46
Amelia Douglas Gallery,Douglas College,ChIJyU3u9XHYhVQRPy86XwYQp_M,3.9,286,"['Monday: 6:30 AM – 11:00 PM', 'Tuesday: 6:30 AM – 11:00 PM', 'Wednesday: 6:30 AM – 11:00 PM', 'Thursday: 6:30 AM – 11:00 PM', 'Friday: 6:30 AM – 11:00 PM', 'Saturday: 8:00 AM – 6:00 PM', 'Sunday: Closed']",6,92.5
Art Club/Bard On Beach Production Centre Theatre,"Newmont Stage at the BMO Theatre Centre, Arts Club Theatre Company",ChIJZ94eAGJxhlQRk8117dtiqow,4.5,183,"['Monday: Closed', 'Tuesday: 4:00 – 7:30 PM', 'Wednesday: 11:30 AM – 7:30 PM', 'Thursday: 4:00 – 7:30 PM', 'Friday: 4:30 – 8:00 PM', 'Saturday: 12:00 – 8:00 PM', 'Sunday: 12:00 – 4:00 PM']",6,66.5
Arts Club Theatre - Granville Island Stage,"Granville Island Stage, Arts Club Theatre Company",ChIJj6Jmb85zhlQRbdUEOydci3o,4.5,222,"['Monday: 4:00 – 7:30 PM', 'Tuesday: 4:00 – 7:30 PM', 'Wednesday: 11:30 AM – 7:30 PM', 'Thursday: 4:00 – 7:30 PM', 'Friday: 4:30 – 8:00 PM', 'Saturday: 12:00 – 8:00 PM', 'Sunday: Closed']",6,78
Arts Club Theatre - Revue Stage,"Granville Island Stage, Arts Club Theatre Company",ChIJj6Jmb85zhlQRbdUEOydci3o,4.5,222,"['Monday: 4:00 – 7:30 PM', 'Tuesday: 4:00 – 7:30 PM', 'Wednesday: 11:30 AM – 7:30 PM', 'Thursday: 4:00 – 7:30 PM', 'Friday: 4:30 – 8:00 PM', 'Saturday: 12:00 – 8:00 PM', 'Sunday: Closed']",6,78
Arts Club Theatre - Stanley Industrial Alliance Stage,"Stanley Industrial Alliance Stage, Arts Club Theatre Company",ChIJOUzupLhzhlQRIOQ9G20eido,4.6,629,"['Monday: Closed', 'Tuesday: 4:00 – 7:30 PM', 'Wednesday: 11:30 AM – 7:30 PM', 'Thursday: 4:00 – 7:30 PM', 'Friday: 4:30 – 8:00 PM', 'Saturday: 12:00 – 8:00 PM', 'Sunday: 12:00 – 5:00 PM']",6,67.5
BC Golf House Society,BC Golf Museum,ChIJvVzcmehyhlQRf5N4JB1DnUE,4.3,10,"['Monday: Closed', 'Tuesday: 12:00 – 4:00 PM', 'Wednesday: 12:00 – 4:00 PM', 'Thursday: 12:00 – 4:00 PM', 'Friday: 12:00 – 4:00 PM', 'Saturday: 12:00 – 4:00 PM', 'Sunday: 12:00 – 4:00 PM']",6,24
Bearga Gallery,Bearga Gallery Inc.,ChIJpTf3SqTThVQRTHW_KFewEgA,5,3,"['Monday: Closed', 'Tuesday: 10:00 AM – 4:00 PM', 'Wednesday: 10:00 AM – 4:00 PM', 'Thursday: 10:00 AM – 4:00 PM', 'Friday: 10:00 AM – 4:00 PM', 'Saturday: 10:00 AM – 4:00 PM', 'Sunday: 10:00 AM – 4:00 PM']",6,36
Beaty Biodiversity Museum,Beaty Biodiversity Museum,ChIJsZ1NB8pyhlQRw4-fikYyFFU,4.5,662,"['Monday: Closed', 'Tuesday: 10:00 AM – 5:00 PM', 'Wednesday: 10:00 AM – 5:00 PM', 'Thursday: 10:00 AM – 5:00 PM', 'Friday: 10:00 AM – 5:00 PM', 'Saturday: 10:00 AM – 5:00 PM', 'Sunday: 10:00 AM – 5:00 PM']",6,42
Brighouse (Main) Branch,"Richmond Public Library, Brighouse Branch",ChIJ1czq6MkKhlQRKN-Sm7PwU_k,4.5,159,"['Monday: 10:00 AM – 6:00 PM', 'Tuesday: 10:00 AM – 6:00 PM', 'Wednesday: 10:00 AM – 6:00 PM', 'Thursday: 10:00 AM – 6:00 PM', 'Friday: 10:00 AM – 6:00 PM', 'Saturday: 10:00 AM – 4:00 PM', 'Sunday: Closed']",6,46
Burnaby Art Gallery,Burnaby Art Gallery,ChIJF4VB4Ad3hlQRPqMcPvho50A,4.4,29,"['Monday: Closed', 'Tuesday: 10:00 AM – 4:30 PM', 'Wednesday: 10:00 AM – 4:30 PM', 'Thursday: 10:00 AM – 4:30 PM', 'Friday: 10:00 AM – 4:30 PM', 'Saturday: 12:00 – 5:00 PM', 'Sunday: 12:00 – 5:00 PM']",6,36
Canadian Music Centre (BC Region),Canadian Music Centre BC,ChIJjaOMidRzhlQRnK4h2w8Alqc,4.6,19,"['Monday: 9:00 AM – 5:00 PM', 'Tuesday: 9:00 AM – 5:00 PM', 'Wednesday: 9:00 AM – 5:00 PM', 'Thursday: 9:00 AM – 5:00 PM', 'Friday: 9:00 AM – 5:00 PM', 'Saturday: 1:00 – 5:00 PM', 'Sunday: Closed']",6,56
Cbc Studio 700,CBC Vancouver,ChIJEebhoX5xhlQRnvupVTKjikE,4.1,113,"['Monday: 8:00 AM – 7:00 PM', 'Tuesday: 8:00 AM – 7:00 PM', 'Wednesday: 8:00 AM – 7:00 PM', 'Thursday: 8:00 AM – 7:00 PM', 'Friday: 8:00 AM – 7:00 PM', 'Saturday: 11:00 AM – 3:00 PM', 'Sunday: Closed']",6,59
Chinese Canadian Military Museum,Chinese Cultural Centre Museum,ChIJX8hzfXpxhlQRXw-cLYmgyBM,4.1,79,"['Monday: Closed', 'Tuesday: 10:00 AM – 5:00 PM', 'Wednesday: 10:00 AM – 5:00 PM', 'Thursday: 10:00 AM – 5:00 PM', 'Friday: 10:00 AM – 5:00 PM', 'Saturday: 10:00 AM – 5:00 PM', 'Sunday: 10:00 AM – 5:00 PM']",6,42
Chinese Cultural Centre Museum And Archives,Chinese Cultural Centre Museum,ChIJX8hzfXpxhlQRXw-cLYmgyBM,4.1,79,"['Monday: Closed', 'Tuesday: 10:00 AM – 5:00 PM', 'Wednesday: 10:00 AM – 5:00 PM', 'Thursday: 10:00 AM – 5:00 PM', 'Friday: 10:00 AM – 5:00 PM', 'Saturday: 10:00 AM – 5:00 PM', 'Sunday: 10:00 AM – 5:00 PM']",6,42
Cityscape Community Art Space,CityScape Community Art Space,ChIJA0D6AkxwhlQRGfQKJp9Kmzo,4.5,15,"['Monday: 9:00 AM – 5:00 PM', 'Tuesday: 9:00 AM – 5:00 PM', 'Wednesday: 9:00 AM – 5:00 PM', 'Thursday: 9:00 AM – 8:00 PM', 'Friday: 9:00 AM – 5:00 PM', 'Saturday: 12:00 – 5:00 PM', 'Sunday: Closed']",6,48
Craft Council of British Columbia Gallery,Craft Council of BC,ChIJPQ6zHM9zhlQRJi__mFYu6nA,4.5,27,"['Monday: Closed', 'Tuesday: 11:00 AM – 5:00 PM', 'Wednesday: 11:00 AM – 5:00 PM', 'Thursday: 11:00 AM – 8:00 PM', 'Friday: 11:00 AM – 5:00 PM', 'Saturday: 11:00 AM – 5:00 PM', 'Sunday: 11:00 AM – 5:00 PM']",6,39
Field Contemporary,Eastvanchopcycle Custom Electric bicycles and repairs,ChIJZ3UV-uBzhlQRPmPr47mY-qw,5,1,"['Monday: 10:30 AM – 4:30 PM', 'Tuesday: 10:30 AM – 4:30 PM', 'Wednesday: 10:30 AM – 4:30 PM', 'Thursday: 10:30 AM – 4:30 PM', 'Friday: 10:30 AM – 4:30 PM', 'Saturday: 11:00 AM – 3:00 PM', 'Sunday: Closed']",6,34
Gallery-The Spa Ltd,Gallery-The Spa,ChIJY2LSRN93hlQRLjk-Fbz02nQ,4.6,73,"['Monday: 10:00 AM – 6:00 PM', 'Tuesday: 10:00 AM – 6:00 PM', 'Wednesday: 10:00 AM – 6:00 PM', 'Thursday: 10:00 AM – 6:00 PM', 'Friday: 10:00 AM – 6:00 PM', 'Saturday: 10:00 AM – 6:00 PM', 'Sunday: Closed']",6,48
George Mackie Library,George Mackie Library,ChIJUzt0aBfZhVQRIqgH5_DMKSQ,4.6,56,"['Monday: 10:00 AM – 6:00 PM', 'Tuesday: 10:00 AM – 6:00 PM', 'Wednesday: 10:00 AM – 6:00 PM', 'Thursday: 10:00 AM – 6:00 PM', 'Friday: 10:00 AM – 5:00 PM', 'Saturday: 10:00 AM – 5:00 PM', 'Sunday: Closed']",6,46
Granville Island Gallery,Ukama Gallery,ChIJN1YA885zhlQRTZ_euOE8v9w,4.5,15,"['Monday: 11:00 AM – 3:00 PM', 'Tuesday: Closed', 'Wednesday: 11:00 AM – 5:00 PM', 'Thursday: 11:00 AM – 5:00 PM', 'Friday: 11:00 AM – 5:00 PM', 'Saturday: 11:00 AM – 6:00 PM', 'Sunday: 11:00 AM – 6:00 PM']",6,36
Hastings,"Vancouver Public Library, Hastings Branch",ChIJyz7poiFxhlQRfdGUH3O9KTY,4.5,37,"['Monday: Closed', 'Tuesday: 10:00 AM – 9:00 PM', 'Wednesday: 10:00 AM – 9:00 PM', 'Thursday: 10:00 AM – 6:00 PM', 'Friday: 10:00 AM – 6:00 PM', 'Saturday: 10:00 AM – 6:00 PM', 'Sunday: 1:00 – 5:00 PM']",6,62
Heffel Gallery Ltd,Heffel Fine Art Auction House,ChIJiYEu0sdzhlQRHgdu4bAiyNY,3.8,8,"['Monday: 9:00 AM – 5:00 PM', 'Tuesday: 9:00 AM – 5:00 PM', 'Wednesday: 9:00 AM – 5:00 PM', 'Thursday: 9:00 AM – 5:00 PM', 'Friday: 9:00 AM – 5:00 PM', 'Saturday: 10:00 AM – 5:00 PM', 'Sunday: Closed']",6,47
Heritage House Rescue & Restoration,Heritage House Clocks,ChIJqeIljM0mTIYRgNCmu5kVCJM,4.4,38,"['Monday: 10:30 AM – 6:00 PM', 'Tuesday: 10:30 AM – 6:00 PM', 'Wednesday: 10:30 AM – 6:00 PM', 'Thursday: 10:30 AM – 6:00 PM', 'Friday: 10:30 AM – 6:00 PM', 'Saturday: 10:30 AM – 5:00 PM', 'Sunday: Closed']",6,44
Heritage Restoration Inc,Heritage Restorations,ChIJj1TiDgPOhVQRmSHtw1SpqA4,5,2,"['Monday: 7:30 AM – 5:00 PM', 'Tuesday: 7:30 AM – 5:00 PM', 'Wednesday: 7:30 AM – 5:00 PM', 'Thursday: 7:30 AM – 5:00 PM', 'Friday: 7:30 AM – 5:00 PM', 'Saturday: 8:00 AM – 12:00 PM', 'Sunday: Closed']",6,51.5
Improv Centre,Improv Centre,ChIJ1-Gui85zhlQRM2tVpv6iMAs,4.7,160,"['Monday: Closed', 'Tuesday: 6:00 – 8:30 PM', 'Wednesday: 6:00 – 8:30 PM', 'Thursday: 6:00 AM – 9:30 PM', 'Friday: 6:00 – 10:30 PM', 'Saturday: 6:00 – 11:30 PM', 'Sunday: 6:00 – 8:30 PM']",6,93
Inuit Gallery of Vancouver,Inuit Gallery Of Vancouver,ChIJW9JVzHlxhlQRg6J1F0sdmi4,4.6,33,"['Monday: 10:00 AM – 6:00 PM', 'Tuesday: 10:00 AM – 6:00 PM', 'Wednesday: 10:00 AM – 6:00 PM', 'Thursday: 10:00 AM – 6:00 PM', 'Friday: 10:00 AM – 6:00 PM', 'Saturday: 10:00 AM – 6:00 PM', 'Sunday: Closed']",6,48
Ironwood Branch,"Richmond Public Library, Ironwood Branch",ChIJk6ONxXTghVQRd4Av3tea0IE,4,41,"['Monday: 10:00 AM – 4:00 PM', 'Tuesday: 10:00 AM – 4:00 PM', 'Wednesday: 10:00 AM – 4:00 PM', 'Thursday: 10:00 AM – 4:00 PM', 'Friday: 10:00 AM – 4:00 PM', 'Saturday: 10:00 AM – 4:00 PM', 'Sunday: Closed']",6,36
Jennifer Kostuik Gallery,Jennifer Kostuik Gallery,ChIJxcyXZdZzhlQRIVHgfNIWXIA,3.8,15,"['Monday: Closed', 'Tuesday: 10:00 AM – 6:00 PM', 'Wednesday: 10:00 AM – 6:00 PM', 'Thursday: 10:00 AM – 6:00 PM', 'Friday: 10:00 AM – 6:00 PM', 'Saturday: 10:00 AM – 5:00 PM', 'Sunday: 12:00 – 4:00 PM']",6,43
Krachel Art,Richmond Art Gallery,ChIJfaA57MkKhlQR6hw-K_C9D3w,4.5,64,"['Monday: 10:00 AM – 6:00 PM', 'Tuesday: 10:00 AM – 6:00 PM', 'Wednesday: 10:00 AM – 6:00 PM', 'Thursday: 10:00 AM – 6:00 PM', 'Friday: 10:00 AM – 6:00 PM', 'Saturday: 10:00 AM – 4:00 PM', 'Sunday: Closed']",6,46
Kube Gallery,The KUBE Gallery,ChIJtVjU3k3hhVQRZnBN-P3mSqI,5,3,"['Monday: Closed', 'Tuesday: 11:00 AM – 4:30 PM', 'Wednesday: 11:00 AM – 4:30 PM', 'Thursday: 11:00 AM – 4:30 PM', 'Friday: 11:00 AM – 4:30 PM', 'Saturday: 11:00 AM – 4:30 PM', 'Sunday: 11:00 AM – 4:30 PM']",6,33
Ladner Pioneer Library,Ladner Pioneer Library,ChIJeVsRs8PghVQR93UqVdN9lK0,4.5,32,"['Monday: 10:00 AM – 6:00 PM', 'Tuesday: 10:00 AM – 6:00 PM', 'Wednesday: 10:00 AM – 6:00 PM', 'Thursday: 10:00 AM – 6:00 PM', 'Friday: 10:00 AM – 5:00 PM', 'Saturday: 10:00 AM – 5:00 PM', 'Sunday: Closed']",6,46
Langley City Library,City of Langley Library,ChIJwzIQYtLPhVQRqT6a8kEvvdU,4.4,33,"['Monday: 10:00 AM – 6:00 PM', 'Tuesday: 10:00 AM – 6:00 PM', 'Wednesday: 10:00 AM – 6:00 PM', 'Thursday: 10:00 AM – 6:00 PM', 'Friday: 10:00 AM – 5:00 PM', 'Saturday: 10:00 AM – 5:00 PM', 'Sunday: Closed']",6,46
Library Link,Terry Fox Library,ChIJldonGqt4hlQRi_hUt7qiL48,4.2,52,"['Monday: 10:00 AM – 6:00 PM', 'Tuesday: 10:00 AM – 6:00 PM', 'Wednesday: 10:00 AM – 6:00 PM', 'Thursday: 10:00 AM – 6:00 PM', 'Friday: 10:00 AM – 5:00 PM', 'Saturday: 10:00 AM – 5:00 PM', 'Sunday: Closed']",6,46
Lynn Valley Main,North Vancouver District Public Library (Lynn Valley Branch),ChIJ7alxQApwhlQRE7Bz6C7KXmY,4.4,56,"['Monday: Closed', 'Tuesday: 10:00 AM – 8:00 PM', 'Wednesday: 10:00 AM – 8:00 PM', 'Thursday: 10:00 AM – 8:00 PM', 'Friday: 10:00 AM – 5:00 PM', 'Saturday: 10:00 AM – 5:00 PM', 'Sunday: 10:00 AM – 5:00 PM']",6,51
Maple Ridge Public Library,Maple Ridge Public Library,ChIJO5jGBl_ThVQR7aRwKSD8rtc,4.5,63,"['Monday: 10:00 AM – 6:00 PM', 'Tuesday: 10:00 AM – 6:00 PM', 'Wednesday: 10:00 AM – 6:00 PM', 'Thursday: 10:00 AM – 6:00 PM', 'Friday: 10:00 AM – 5:00 PM', 'Saturday: 10:00 AM – 5:00 PM', 'Sunday: Closed']",6,46
Morris And Helen Belkin Art Gallery,Morris and Helen Belkin Art Gallery,ChIJVY5dUbFyhlQR1d6WsHMdgs0,4.4,50,"['Monday: Closed', 'Tuesday: 10:00 AM – 5:00 PM', 'Wednesday: 10:00 AM – 5:00 PM', 'Thursday: 10:00 AM – 5:00 PM', 'Friday: 10:00 AM – 5:00 PM', 'Saturday: 12:00 – 5:00 PM', 'Sunday: 12:00 – 5:00 PM']",6,38
Muriel Arnason Library,Muriel Arnason Library,ChIJAej8GNHRhVQRpRhFg2hEua8,3.8,12,"['Monday: 10:00 AM – 6:00 PM', 'Tuesday: 10:00 AM – 6:00 PM', 'Wednesday: 10:00 AM – 6:00 PM', 'Thursday: 10:00 AM – 6:00 PM', 'Friday: 10:00 AM – 5:00 PM', 'Saturday: 10:00 AM – 5:00 PM', 'Sunday: Closed']",6,46
Muriel Arnason Library (Willowbrook),Muriel Arnason Library,ChIJAej8GNHRhVQRpRhFg2hEua8,3.8,12,"['Monday: 10:00 AM – 6:00 PM', 'Tuesday: 10:00 AM – 6:00 PM', 'Wednesday: 10:00 AM – 6:00 PM', 'Thursday: 10:00 AM – 6:00 PM', 'Friday: 10:00 AM – 5:00 PM', 'Saturday: 10:00 AM – 5:00 PM', 'Sunday: Closed']",6,46
Murrayville Library,Murrayville Library,ChIJDaHO8VDOhVQRG53n6s8kD_U,4.4,9,"['Monday: 10:00 AM – 6:00 PM', 'Tuesday: 10:00 AM – 6:00 PM', 'Wednesday: 10:00 AM – 6:00 PM', 'Thursday: 10:00 AM – 6:00 PM', 'Friday: 10:00 AM – 5:00 PM', 'Saturday: 10:00 AM – 5:00 PM', 'Sunday: Closed']",6,46
Museum,White Rock Museum & Archives,ChIJp-cXznfDhVQR2sZybkviHTE,4.3,101,"['Monday: Closed', 'Tuesday: 12:00 – 4:00 PM', 'Wednesday: 12:00 – 4:00 PM', 'Thursday: 12:00 – 4:00 PM', 'Friday: 12:00 – 4:00 PM', 'Saturday: 12:00 – 4:00 PM', 'Sunday: 12:00 – 4:00 PM']",6,24
Museum of Anthropology,Museum of Anthropology,ChIJrf8w27NyhlQR44St4PQccfY,4.7,3406,"['Monday: Closed', 'Tuesday: 10:00 AM – 5:00 PM', 'Wednesday: 10:00 AM – 5:00 PM', 'Thursday: 10:00 AM – 5:00 PM', 'Friday: 10:00 AM – 5:00 PM', 'Saturday: 10:00 AM – 5:00 PM', 'Sunday: 10:00 AM – 5:00 PM']",6,42
Neca?Mat Ct Strathcona Branch,"Vancouver Public Library, nə́c̓aʔmat ct Strathcona Branch",ChIJe50bmW1xhlQRGZBG6AnoEZs,4.4,26,"['Monday: 10:00 AM – 6:00 PM', 'Tuesday: 10:00 AM – 9:00 PM', 'Wednesday: 10:00 AM – 9:00 PM', 'Thursday: 10:00 AM – 9:00 PM', 'Friday: 10:00 AM – 9:00 PM', 'Saturday: 10:00 AM – 6:00 PM', 'Sunday: Closed']",6,60
Newton Cultural Centre,Newton Cultural Centre,ChIJg3tcYy3ahVQRM481SSfsI28,4.1,27,"['Monday: Closed', 'Tuesday: 9:30 AM – 3:30 PM', 'Wednesday: 9:30 AM – 3:30 PM', 'Thursday: 9:30 AM – 3:30 PM', 'Friday: 9:30 AM – 3:30 PM', 'Saturday: 9:30 AM – 3:30 PM', 'Sunday: 9:30 AM – 3:30 PM']",6,36
Pendulum Gallery,Pendulum Gallery,ChIJLVda3oFxhlQRWwwnvqGhehc,4.2,12,"['Monday: 9:00 AM – 6:00 PM', 'Tuesday: 9:00 AM – 6:00 PM', 'Wednesday: 9:00 AM – 6:00 PM', 'Thursday: 9:00 AM – 9:00 PM', 'Friday: 9:00 AM – 9:00 PM', 'Saturday: 9:00 AM – 5:00 PM', 'Sunday: Closed']",6,59
Pitt Meadows Public Library,Pitt Meadows Public Library,ChIJh6hFJT_UhVQRtO4PSLqlEB4,4.4,33,"['Monday: 10:00 AM – 6:00 PM', 'Tuesday: 10:00 AM – 6:00 PM', 'Wednesday: 10:00 AM – 6:00 PM', 'Thursday: 10:00 AM – 6:00 PM', 'Friday: 10:00 AM – 5:00 PM', 'Saturday: 10:00 AM – 5:00 PM', 'Sunday: Closed']",6,46
Port Moody Public Library,Port Moody Public Library,ChIJpwSuwdl4hlQRlXttOlON5kU,4.6,68,"['Monday: 10:00 AM – 5:00 PM', 'Tuesday: 12:30 – 7:00 PM', 'Wednesday: 10:00 AM – 5:00 PM', 'Thursday: 10:00 AM – 5:00 PM', 'Friday: 10:00 AM – 5:00 PM', 'Saturday: 10:00 AM – 5:00 PM', 'Sunday: Closed']",6,41.5
Richmond Art Gallery,Richmond Art Gallery,ChIJfaA57MkKhlQR6hw-K_C9D3w,4.5,64,"['Monday: 10:00 AM – 6:00 PM', 'Tuesday: 10:00 AM – 6:00 PM', 'Wednesday: 10:00 AM – 6:00 PM', 'Thursday: 10:00 AM – 6:00 PM', 'Friday: 10:00 AM – 6:00 PM', 'Saturday: 10:00 AM – 4:00 PM', 'Sunday: Closed']",6,46
Richmond Museum,Richmond Museum,ChIJP4INEgALhlQRnDq2nTIOTL0,5,1,"['Monday: 10:00 AM – 6:00 PM', 'Tuesday: 10:00 AM – 6:00 PM', 'Wednesday: 10:00 AM – 6:00 PM', 'Thursday: 10:00 AM – 6:00 PM', 'Friday: 10:00 AM – 6:00 PM', 'Saturday: 10:00 AM – 4:00 PM', 'Sunday: Closed']",6,46
Richmond Public Library,"Richmond Public Library, Brighouse Branch",ChIJ1czq6MkKhlQRKN-Sm7PwU_k,4.5,159,"['Monday: 10:00 AM – 6:00 PM', 'Tuesday: 10:00 AM – 6:00 PM', 'Wednesday: 10:00 AM – 6:00 PM', 'Thursday: 10:00 AM – 6:00 PM', 'Friday: 10:00 AM – 6:00 PM', 'Saturday: 10:00 AM – 4:00 PM', 'Sunday: Closed']",6,46
Rob Fee,BestWest Roofing Inc,ChIJ2-EL2g7YhVQR_0vxs9MXGX0,5,40,"['Monday: 8:00 AM – 6:00 PM', 'Tuesday: 8:00 AM – 6:00 PM', 'Wednesday: 8:00 AM – 6:00 PM', 'Thursday: 8:00 AM – 6:00 PM', 'Friday: 8:00 AM – 6:00 PM', 'Saturday: 8:00 AM – 6:00 PM', 'Sunday: Closed']",6,60
Royal City Youth Ballet,Royal City Youth Ballet,ChIJh7oB-XHYhVQRuj_VgInotqc,5,1,"['Monday: 12:00 – 4:00 PM', 'Tuesday: 12:00 – 4:00 PM', 'Wednesday: 12:00 – 4:00 PM', 'Thursday: 12:00 – 4:00 PM', 'Friday: 12:00 – 8:00 PM', 'Saturday: 12:00 – 4:00 PM', 'Sunday: Closed']",6,28
Royal Principal Ballet Academy Ltd,Royal Principal Ballet Academy,ChIJo6E3LC7ZhVQROUcwXbSxaYk,5,1,"['Monday: 3:30 – 7:30 PM', 'Tuesday: 3:30 – 7:30 PM', 'Wednesday: 3:30 – 7:30 PM', 'Thursday: 3:30 – 7:30 PM', 'Friday: 3:30 – 7:30 PM', 'Saturday: 9:00 AM – 2:00 PM', 'Sunday: Closed']",6,85
Satellite Gallery,Bill Reid Gallery Satellite Shop,ChIJK5sv1TtxhlQRXA1O3Eqwvio,5,1,"['Monday: 11:00 AM – 5:00 PM', 'Tuesday: 11:00 AM – 5:00 PM', 'Wednesday: 11:00 AM – 5:00 PM', 'Thursday: 11:00 AM – 5:00 PM', 'Friday: 11:00 AM – 5:00 PM', 'Saturday: 11:00 AM – 5:00 PM', 'Sunday: Closed']",6,36
South Hill,South Hill Education Centre,ChIJD9NkYhR0hlQR-K3GxskAv_k,3.2,29,"['Monday: 8:30 AM – 9:30 PM', 'Tuesday: 8:30 AM – 9:30 PM', 'Wednesday: 8:30 AM – 9:30 PM', 'Thursday: 8:30 AM – 9:30 PM', 'Friday: 8:30 AM – 9:30 PM', 'Saturday: 8:30 AM – 2:00 PM', 'Sunday: Closed']",6,70.5
Spirit Wrestler Gallery,Inuit Gallery Of Vancouver,ChIJW9JVzHlxhlQRg6J1F0sdmi4,4.6,33,"['Monday: 10:00 AM – 6:00 PM', 'Tuesday: 10:00 AM – 6:00 PM', 'Wednesday: 10:00 AM – 6:00 PM', 'Thursday: 10:00 AM – 6:00 PM', 'Friday: 10:00 AM – 6:00 PM', 'Saturday: 10:00 AM – 6:00 PM', 'Sunday: Closed']",6,48
St James Community Square,St James Community Square,ChIJ8-LY5KpzhlQRjb7KYI2etJk,4.3,88,"['Monday: 10:00 AM – 4:00 PM', 'Tuesday: 10:00 AM – 4:00 PM', 'Wednesday: 10:00 AM – 4:00 PM', 'Thursday: 10:00 AM – 4:00 PM', 'Friday: 10:00 AM – 4:00 PM', 'Saturday: 10:00 AM – 4:00 PM', 'Sunday: Closed']",6,36
Stagecoach Theatre Arts School,Lights Up Musical Theatre Schools - Langley (South),ChIJ45Tv71_OhVQRbWUE9vIyrIk,4.4,7,"['Monday: 9:00 AM – 3:00 PM', 'Tuesday: 9:00 AM – 3:00 PM', 'Wednesday: 9:00 AM – 3:00 PM', 'Thursday: 9:00 AM – 3:00 PM', 'Friday: 9:00 AM – 3:00 PM', 'Saturday: 9:00 AM – 1:00 PM', 'Sunday: Closed']",6,34
Steveston Branch,"Richmond Public Library, Steveston Branch",ChIJkS0tK9jhhVQRZNQSCoDEtQY,3.8,16,"['Monday: 10:00 AM – 4:00 PM', 'Tuesday: 10:00 AM – 4:00 PM', 'Wednesday: 10:00 AM – 4:00 PM', 'Thursday: 10:00 AM – 4:00 PM', 'Friday: 10:00 AM – 4:00 PM', 'Saturday: 10:00 AM – 4:00 PM', 'Sunday: Closed']",6,36
Strathcona Branch,"Vancouver Public Library, nə́c̓aʔmat ct Strathcona Branch",ChIJe50bmW1xhlQRGZBG6AnoEZs,4.4,26,"['Monday: 10:00 AM – 6:00 PM', 'Tuesday: 10:00 AM – 9:00 PM', 'Wednesday: 10:00 AM – 9:00 PM', 'Thursday: 10:00 AM – 9:00 PM', 'Friday: 10:00 AM – 9:00 PM', 'Saturday: 10:00 AM – 6:00 PM', 'Sunday: Closed']",6,60
Terry Fox Library,Terry Fox Library,ChIJldonGqt4hlQRi_hUt7qiL48,4.2,52,"['Monday: 10:00 AM – 6:00 PM', 'Tuesday: 10:00 AM – 6:00 PM', 'Wednesday: 10:00 AM – 6:00 PM', 'Thursday: 10:00 AM – 6:00 PM', 'Friday: 10:00 AM – 5:00 PM', 'Saturday: 10:00 AM – 5:00 PM', 'Sunday: Closed']",6,46
Tsawwassen Library,Tsawwassen Library,ChIJi_7F_l_mhVQRYtWXhaWcBW0,4.1,9,"['Monday: 10:00 AM – 6:00 PM', 'Tuesday: 10:00 AM – 6:00 PM', 'Wednesday: 10:00 AM – 6:00 PM', 'Thursday: 10:00 AM – 6:00 PM', 'Friday: 10:00 AM – 5:00 PM', 'Saturday: 10:00 AM – 5:00 PM', 'Sunday: Closed']",6,46
UBC Museum of Anthropology,Museum of Anthropology,ChIJrf8w27NyhlQR44St4PQccfY,4.7,3406,"['Monday: Closed', 'Tuesday: 10:00 AM – 5:00 PM', 'Wednesday: 10:00 AM – 5:00 PM', 'Thursday: 10:00 AM – 5:00 PM', 'Friday: 10:00 AM – 5:00 PM', 'Saturday: 10:00 AM – 5:00 PM', 'Sunday: 10:00 AM – 5:00 PM']",6,42
Vancouver Contemporary Art Gallery,Contemporary Art Gallery,ChIJpWYR79VzhlQRYo-cR-_0ktg,3.9,197,"['Monday: Closed', 'Tuesday: 12:00 – 6:00 PM', 'Wednesday: 12:00 – 6:00 PM', 'Thursday: 12:00 – 6:00 PM', 'Friday: 12:00 – 6:00 PM', 'Saturday: 12:00 – 6:00 PM', 'Sunday: 12:00 – 6:00 PM']",6,36
Walnut Grove Library,Dean Drysdale Library,ChIJF8g8VCvShVQRMBcI4Fp-bes,4.3,25,"['Monday: 10:00 AM – 6:00 PM', 'Tuesday: 10:00 AM – 6:00 PM', 'Wednesday: 10:00 AM – 6:00 PM', 'Thursday: 10:00 AM – 6:00 PM', 'Friday: 10:00 AM – 5:00 PM', 'Saturday: 10:00 AM – 5:00 PM', 'Sunday: Closed']",6,46
West Point Grey Branch,"Vancouver Public Library, West Point Grey Branch",ChIJZal4yeVyhlQRbYvOl9YmG6k,4.5,19,"['Monday: Closed', 'Tuesday: 9:30 AM – 7:00 PM', 'Wednesday: 9:30 AM – 6:00 PM', 'Thursday: 9:30 AM – 7:00 PM', 'Friday: 9:30 AM – 6:00 PM', 'Saturday: 10:00 AM – 6:00 PM', 'Sunday: 1:00 – 5:00 PM']",6,60
White Rock Library,White Rock Library,ChIJQzBkD4LDhVQRn-f3SjvnPX0,4.2,29,"['Monday: 10:00 AM – 6:00 PM', 'Tuesday: 10:00 AM – 6:00 PM', 'Wednesday: 10:00 AM – 6:00 PM', 'Thursday: 10:00 AM – 6:00 PM', 'Friday: 10:00 AM – 5:00 PM', 'Saturday: 10:00 AM – 5:00 PM', 'Sunday: Closed']",6,46
White Rock Museum And Archives,White Rock Museum & Archives,ChIJp-cXznfDhVQR2sZybkviHTE,4.3,101,"['Monday: Closed', 'Tuesday: 12:00 – 4:00 PM', 'Wednesday: 12:00 – 4:00 PM', 'Thursday: 12:00 – 4:00 PM', 'Friday: 12:00 – 4:00 PM', 'Saturday: 12:00 – 4:00 PM', 'Sunday: 12:00 – 4:00 PM']",6,24
12 Service Battalion Museum,39 Service Battalion (12 Company) Richmond,ChIJhwQHwzh1hlQRJdE3ZdQPI9I,5,8,"['Monday: 9:30 AM – 4:00 PM', 'Tuesday: 9:30 AM – 4:00 PM', 'Wednesday: 9:30 AM – 4:00 PM, 7:00 – 10:00 PM', 'Thursday: 9:30 AM – 4:00 PM', 'Friday: 9:30 AM – 4:00 PM', 'Saturday: Closed', 'Sunday: Closed']",5,35.5
Accessible Services,"Vancouver Public Library, Accessible Services",ChIJt5UnLmBxhlQR6MgBDf1WH10,5,1,"['Monday: 10:00 AM – 5:30 PM', 'Tuesday: 10:00 AM – 5:30 PM', 'Wednesday: 10:00 AM – 5:30 PM', 'Thursday: 10:00 AM – 5:30 PM', 'Friday: 10:00 AM – 5:30 PM', 'Saturday: Closed', 'Sunday: Closed']",5,37.5
Alliance For Arts And Culture,Alliance for Arts and Culture,ChIJ5WClfNVzhlQR18C_tp4-Ny0,4.8,8,"['Monday: 9:00 AM – 5:00 PM', 'Tuesday: 9:00 AM – 5:00 PM', 'Wednesday: 9:00 AM – 5:00 PM', 'Thursday: 9:00 AM – 5:00 PM', 'Friday: 9:00 AM – 5:00 PM', 'Saturday: Closed', 'Sunday: Closed']",5,40
Anvil Centre/Museum And Archives,New Westminster Museum,ChIJVWdV0gzYhVQRObpum5rNjd0,4.3,72,"['Monday: Closed', 'Tuesday: Closed', 'Wednesday: 9:50 AM – 4:50 PM', 'Thursday: 9:50 AM – 4:50 PM', 'Friday: 9:50 AM – 4:50 PM', 'Saturday: 9:50 AM – 4:50 PM', 'Sunday: 9:50 AM – 4:50 PM']",5,35
Architectural Institute of BC Gallery,Architectural Institute of British Columbia,ChIJkUVKKXhxhlQRLvKX6Ir1X8w,4.6,11,"['Monday: 8:30 AM – 5:00 PM', 'Tuesday: 8:30 AM – 5:00 PM', 'Wednesday: 8:30 AM – 5:00 PM', 'Thursday: 8:30 AM – 5:00 PM', 'Friday: 8:30 AM – 5:00 PM', 'Saturday: Closed', 'Sunday: Closed']",5,42.5
Archives of Anglican Provincial Synod of British Columbia And Diocese of New Westminster,Anglican Diocese of New Westminster,ChIJj1LRjJBzhlQRWLKLtxnChDo,4.3,10,"['Monday: 9:00 AM – 4:00 PM', 'Tuesday: 9:00 AM – 4:00 PM', 'Wednesday: 9:00 AM – 4:00 PM', 'Thursday: 9:00 AM – 4:00 PM', 'Friday: 9:00 AM – 4:00 PM', 'Saturday: Closed', 'Sunday: Closed']",5,35
Arts & Cultural Centre,Evergreen Cultural Centre,ChIJlQY3OzB_hlQR6gdzsnFqLBE,4.5,417,"['Monday: 12:00 – 5:00 PM', 'Tuesday: 12:00 – 5:00 PM', 'Wednesday: 12:00 – 5:00 PM', 'Thursday: 12:00 – 5:00 PM', 'Friday: 12:00 – 5:00 PM', 'Saturday: Closed', 'Sunday: Closed']",5,25
Artspeak Gallery,Artspeak Gallery,ChIJ16ZETXdxhlQRT7OGxnNnn1Y,4.2,6,"['Monday: Closed', 'Tuesday: 12:00 – 5:00 PM', 'Wednesday: 12:00 – 5:00 PM', 'Thursday: 12:00 – 5:00 PM', 'Friday: 12:00 – 5:00 PM', 'Saturday: 12:00 – 5:00 PM', 'Sunday: Closed']",5,25
Artstarts In Schools,ArtStarts in Schools,ChIJjW7NaX5xhlQRHwpvPmkoDf8,4,3,"['Monday: Closed', 'Tuesday: 10:00 AM – 4:30 PM', 'Wednesday: 10:00 AM – 4:30 PM', 'Thursday: 10:00 AM – 4:30 PM', 'Friday: 10:00 AM – 4:30 PM', 'Saturday: 10:00 AM – 4:30 PM', 'Sunday: Closed']",5,32.5
Audain Gallery,Audain Gallery | SFU Galleries,ChIJH6RQmnlxhlQR7hOwOjH4QGQ,4.2,5,"['Monday: Closed', 'Tuesday: 12:00 – 5:00 PM', 'Wednesday: 12:00 – 5:00 PM', 'Thursday: 12:00 – 5:00 PM', 'Friday: 12:00 – 8:00 PM', 'Saturday: 12:00 – 5:00 PM', 'Sunday: Closed']",5,28
Baf Studio,Burrard Arts Foundation (BAF),ChIJX1GasOFzhlQRlbOO8nPC0aA,4.6,13,"['Monday: Closed', 'Tuesday: 12:00 – 5:00 PM', 'Wednesday: 12:00 – 5:00 PM', 'Thursday: 12:00 – 5:00 PM', 'Friday: 12:00 – 5:00 PM', 'Saturday: 12:00 – 5:00 PM', 'Sunday: Closed']",5,25
Bill Reid Gallery,Bill Reid Gallery of Northwest Coast Art,ChIJ09HC74FxhlQRHyXyCAa8AJQ,4.5,269,"['Monday: Closed', 'Tuesday: Closed', 'Wednesday: 11:00 AM – 5:00 PM', 'Thursday: 11:00 AM – 5:00 PM', 'Friday: 11:00 AM – 5:00 PM', 'Saturday: 11:00 AM – 5:00 PM', 'Sunday: 11:00 AM – 5:00 PM']",5,30
Bowen Island Museum And Archives,Bowen Island Museum and Archive,ChIJr8ffsQlrhlQRWxupYlGGcMY,3.9,7,"['Monday: Closed', 'Tuesday: 12:00 – 4:00 PM', 'Wednesday: 12:00 – 4:00 PM', 'Thursday: 12:00 – 4:00 PM', 'Friday: 12:00 – 4:00 PM', 'Saturday: Closed', 'Sunday: 12:00 – 4:00 PM']",5,20
British Columbia History of Nursing Society,British Columbia College of Nursing Professionals,ChIJ_UC0XMpxhlQRjquJR378Oxs,1.1,39,"['Monday: 8:30 AM – 4:30 PM', 'Tuesday: 8:30 AM – 4:30 PM', 'Wednesday: 8:30 AM – 4:30 PM', 'Thursday: 8:30 AM – 4:30 PM', 'Friday: 8:30 AM – 4:30 PM', 'Saturday: Closed', 'Sunday: Closed']",5,40
Brookswood Library,Brookswood Library,ChIJ0ScsWprPhVQRqAM-8i_pd-g,5,6,"['Monday: Closed', 'Tuesday: 10:00 AM – 12:30 PM, 1:00 – 6:00 PM', 'Wednesday: 10:00 AM – 12:30 PM, 1:00 – 6:00 PM', 'Thursday: 10:00 AM – 12:30 PM, 1:00 – 5:00 PM', 'Friday: 10:00 AM – 12:30 PM, 1:00 – 5:00 PM', 'Saturday: 10:00 AM – 12:30 PM, 1:00 – 5:00 PM', 'Sunday: Closed']",5,34.5
Cambie Branch,Richmond Public Library: Cambie Branch,ChIJ08lGcw51hlQRnpbmuKTYAfE,4.1,34,"['Monday: 10:00 AM – 4:00 PM', 'Tuesday: 10:00 AM – 4:00 PM', 'Wednesday: 10:00 AM – 4:00 PM', 'Thursday: 10:00 AM – 4:00 PM', 'Friday: 10:00 AM – 4:00 PM', 'Saturday: Closed', 'Sunday: Closed']",5,30
Canadian Museum Flight Association,Canadian Museum of Flight,ChIJlzyfJ0bOhVQRHLgf-fCQIGw,4.6,221,"['Monday: Closed', 'Tuesday: Closed', 'Wednesday: 10:00 AM – 4:00 PM', 'Thursday: 10:00 AM – 4:00 PM', 'Friday: 10:00 AM – 4:00 PM', 'Saturday: 10:00 AM – 4:00 PM', 'Sunday: 12:00 – 5:00 PM']",5,29
Canadian Museum of Flight Association,Canadian Museum of Flight,ChIJlzyfJ0bOhVQRHLgf-fCQIGw,4.6,221,"['Monday: Closed', 'Tuesday: Closed', 'Wednesday: 10:00 AM – 4:00 PM', 'Thursday: 10:00 AM – 4:00 PM', 'Friday: 10:00 AM – 4:00 PM', 'Saturday: 10:00 AM – 4:00 PM', 'Sunday: 12:00 – 5:00 PM']",5,29
Capilano University Archives,Capilano University Library,ChIJU1APZn5whlQRJVnpclbjnNA,5,7,"['Monday: 8:00 AM – 5:00 PM', 'Tuesday: 8:00 AM – 5:00 PM', 'Wednesday: 8:00 AM – 5:00 PM', 'Thursday: 8:00 AM – 5:00 PM', 'Friday: 8:00 AM – 5:00 PM', 'Saturday: Closed', 'Sunday: Closed']",5,45
Chapel Arts,Chapel Arts,ChIJGYPjjXFxhlQRj9M9svy1ySU,4.4,14,"['Monday: 9:00 AM – 5:00 PM', 'Tuesday: 9:00 AM – 5:00 PM', 'Wednesday: 9:00 AM – 5:00 PM', 'Thursday: 9:00 AM – 5:00 PM', 'Friday: 9:00 AM – 5:00 PM', 'Saturday: Closed', 'Sunday: Closed']",5,40
City of Vancouver Archives,City of Vancouver Archives,ChIJb5FE0cxzhlQRhNcsezlkRiA,4.3,18,"['Monday: 9:00 AM – 5:00 PM', 'Tuesday: 9:00 AM – 5:00 PM', 'Wednesday: 9:00 AM – 5:00 PM', 'Thursday: 9:00 AM – 5:00 PM', 'Friday: 9:00 AM – 5:00 PM', 'Saturday: Closed', 'Sunday: Closed']",5,40
Coquitlam Heritage Society Operating Mackin House,Coquitlam Heritage at Mackin House,ChIJl2CNVXJ4hlQRE3nLB9oxCHY,4.5,30,"['Monday: Closed', 'Tuesday: 11:00 AM – 5:00 PM', 'Wednesday: 11:00 AM – 5:00 PM', 'Thursday: 11:00 AM – 5:00 PM', 'Friday: 11:00 AM – 5:00 PM', 'Saturday: 10:00 AM – 4:00 PM', 'Sunday: Closed']",5,30
Eagle Spirit Gallery,Eagle Spirit Gallery,ChIJDRs7885zhlQRnvQXHXNF-aA,4.2,25,"['Monday: Closed', 'Tuesday: Closed', 'Wednesday: 11:00 AM – 5:00 PM', 'Thursday: 11:00 AM – 5:00 PM', 'Friday: 11:00 AM – 5:00 PM', 'Saturday: 11:00 AM – 5:00 PM', 'Sunday: 11:00 AM – 5:00 PM']",5,30
Equinox Gallery,Equinox Gallery,ChIJORQNxsdzhlQRkjsytcr0cXE,4.4,42,"['Monday: Closed', 'Tuesday: 10:00 AM – 5:00 PM', 'Wednesday: 10:00 AM – 5:00 PM', 'Thursday: 10:00 AM – 5:00 PM', 'Friday: 10:00 AM – 5:00 PM', 'Saturday: 10:00 AM – 5:00 PM', 'Sunday: Closed']",5,35
Evergreen Cultural Centre Society,Evergreen Cultural Centre,ChIJlQY3OzB_hlQR6gdzsnFqLBE,4.5,417,"['Monday: 12:00 – 5:00 PM', 'Tuesday: 12:00 – 5:00 PM', 'Wednesday: 12:00 – 5:00 PM', 'Thursday: 12:00 – 5:00 PM', 'Friday: 12:00 – 5:00 PM', 'Saturday: Closed', 'Sunday: Closed']",5,25
Firehall Arts Centre,Firehall Arts Centre,ChIJaxqNCXFxhlQRwFj7lwMLrUw,4.3,172,"['Monday: 9:30 AM – 4:00 PM', 'Tuesday: 9:30 AM – 4:00 PM', 'Wednesday: 9:30 AM – 4:00 PM', 'Thursday: 9:30 AM – 4:00 PM', 'Friday: 9:30 AM – 4:00 PM', 'Saturday: Closed', 'Sunday: Closed']",5,32.5
Firehall Branch,"Vancouver Public Library, Firehall Branch",ChIJh_Vsb8dzhlQRo3zWwxVDwbI,4.5,24,"['Monday: Closed', 'Tuesday: 10:00 AM – 8:00 PM', 'Wednesday: 10:00 AM – 8:00 PM', 'Thursday: 10:00 AM – 6:00 PM', 'Friday: 10:00 AM – 6:00 PM', 'Saturday: 10:00 AM – 6:00 PM', 'Sunday: Closed']",5,44
Fort Langley Library,Fort Langley Library,ChIJnVHukVjShVQR5q2S5hGCkoA,4.8,13,"['Monday: Closed', 'Tuesday: 10:00 AM – 12:30 PM, 1:00 – 5:00 PM', 'Wednesday: 10:00 AM – 12:30 PM, 1:00 – 5:00 PM', 'Thursday: 10:00 AM – 12:30 PM, 1:00 – 5:00 PM', 'Friday: 10:00 AM – 12:30 PM, 1:00 – 5:00 PM', 'Saturday: 10:00 AM – 12:30 PM, 1:00 – 5:00 PM', 'Sunday: Closed']",5,32.5
Gallery Gachet,Gallery Gachet,ChIJQ8xfv3BxhlQRO0J7RqkHBZ0,4.4,14,"['Monday: Closed', 'Tuesday: 12:00 – 6:00 PM', 'Wednesday: 12:00 – 6:00 PM', 'Thursday: 12:00 – 6:00 PM', 'Friday: 12:00 – 6:00 PM', 'Saturday: 12:00 – 6:00 PM', 'Sunday: Closed']",5,30
Gallery Jones,Gallery Jones Fine Arts Ltd,ChIJR2S_phBuhlQRM9-rkVuzQcA,4.8,17,"['Monday: Closed', 'Tuesday: 11:00 AM – 6:00 PM', 'Wednesday: 11:00 AM – 6:00 PM', 'Thursday: 11:00 AM – 6:00 PM', 'Friday: 11:00 AM – 6:00 PM', 'Saturday: 12:00 – 5:00 PM', 'Sunday: Closed']",5,33
Greater Vancouver Regional District Parks Department,Metro Vancouver,ChIJO9QYqVh2hlQRtTEWjh04mrA,4.5,4,"['Monday: 8:00 AM – 4:30 PM', 'Tuesday: 8:00 AM – 4:30 PM', 'Wednesday: 8:00 AM – 4:30 PM', 'Thursday: 8:00 AM – 4:30 PM', 'Friday: 8:00 AM – 4:30 PM', 'Saturday: Closed', 'Sunday: Closed']",5,42.5
Grunt Gallery,grunt gallery,ChIJfdHGal5xhlQRyxsO2eYBmlc,4.4,16,"['Monday: Closed', 'Tuesday: 12:00 – 5:00 PM', 'Wednesday: 12:00 – 5:00 PM', 'Thursday: 12:00 – 5:00 PM', 'Friday: 12:00 – 5:00 PM', 'Saturday: 12:00 – 5:00 PM', 'Sunday: Closed']",5,25
H.R. Macmillan Space Centre,H.R. MacMillan Space Centre,ChIJX-DfNzNyhlQR76LZl5hs5bc,3.7,262,"['Monday: 9:30 AM – 4:30 PM', 'Tuesday: Closed', 'Wednesday: Closed', 'Thursday: 9:30 AM – 4:30 PM', 'Friday: 6:45 – 11:45 PM', 'Saturday: 9:30 AM – 4:30 PM', 'Sunday: 9:30 AM – 4:30 PM']",5,45
Heritage Christian School,Heritage Christian Academy,ChIJKRdIj1wOkFQR33SQgpoN_ig,4.6,12,"['Monday: 7:00 AM – 6:00 PM', 'Tuesday: 7:00 AM – 6:00 PM', 'Wednesday: 7:00 AM – 6:00 PM', 'Thursday: 7:00 AM – 6:00 PM', 'Friday: 7:00 AM – 6:00 PM', 'Saturday: Closed', 'Sunday: Closed']",5,55
Heritage Drywall Ltd,Heritage Drywall Ltd,ChIJXYHTAkbRhVQRMhrSka58jy4,4.7,6,"['Monday: 8:00 AM – 5:00 PM', 'Tuesday: 8:00 AM – 5:00 PM', 'Wednesday: 8:00 AM – 5:00 PM', 'Thursday: 8:00 AM – 5:00 PM', 'Friday: 8:00 AM – 5:00 PM', 'Saturday: Closed', 'Sunday: Closed']",5,45
Heritage Electric Ltd,Heritage Electric Ltd,ChIJa8tWF3PUhVQRh7xTMNjXhGM,5,1,"['Monday: 8:00 AM – 5:00 PM', 'Tuesday: 8:00 AM – 5:00 PM', 'Wednesday: 8:00 AM – 5:00 PM', 'Thursday: 8:00 AM – 5:00 PM', 'Friday: 8:00 AM – 5:00 PM', 'Saturday: Closed', 'Sunday: Closed']",5,45
Heritage Steel Sales Ltd,Heritage Steel Sales Ltd,ChIJVQU7ql_RhVQRm93iNKIQTvE,3.8,4,"['Monday: 7:30 AM – 4:00 PM', 'Tuesday: 7:30 AM – 4:00 PM', 'Wednesday: 7:30 AM – 4:00 PM', 'Thursday: 7:30 AM – 4:00 PM', 'Friday: 7:30 AM – 4:00 PM', 'Saturday: Closed', 'Sunday: Closed']",5,42.5
Hot Art Wet City,The Arts Factory,ChIJBbh4LWdxhlQRP3uN6IikLyc,4.3,27,"['Monday: 9:00 AM – 5:00 PM', 'Tuesday: 9:00 AM – 5:00 PM', 'Wednesday: 9:00 AM – 5:00 PM', 'Thursday: 9:00 AM – 5:00 PM', 'Friday: 9:00 AM – 5:00 PM', 'Saturday: Closed', 'Sunday: Closed']",5,40
Ian Tan Gallery,Ian Tan Art Gallery Vancouver,ChIJnQwCK8ZzhlQR5i2qTdpKDRU,4.6,14,"['Monday: Closed', 'Tuesday: 12:00 – 5:00 PM', 'Wednesday: 12:00 – 5:00 PM', 'Thursday: 12:00 – 5:00 PM', 'Friday: 12:00 – 5:00 PM', 'Saturday: 12:00 – 5:00 PM', 'Sunday: Closed']",5,25
Il Museo,Italian Cultural Centre,ChIJr95Zbsp2hlQRgCV_lfL0Hk0,4.3,242,"['Monday: 9:00 AM – 5:00 PM', 'Tuesday: 9:00 AM – 5:00 PM', 'Wednesday: 9:00 AM – 5:00 PM', 'Thursday: 9:00 AM – 5:00 PM', 'Friday: 9:00 AM – 5:00 PM', 'Saturday: Closed', 'Sunday: Closed']",5,40
Institute For Stained Glass In Canada,Kona Stained Glass Ltd (no in-store shopping),ChIJB0qeyRx0hlQRRPa2nwV09Po,4.6,34,"['Monday: Closed', 'Tuesday: 11:00 AM – 5:00 PM', 'Wednesday: 11:00 AM – 5:00 PM', 'Thursday: 11:00 AM – 5:00 PM', 'Friday: 11:00 AM – 5:00 PM', 'Saturday: 11:00 AM – 5:00 PM', 'Sunday: Closed']",5,30
Italian Cultural Centre Society,Italian Cultural Centre,ChIJr95Zbsp2hlQRgCV_lfL0Hk0,4.3,242,"['Monday: 9:00 AM – 5:00 PM', 'Tuesday: 9:00 AM – 5:00 PM', 'Wednesday: 9:00 AM – 5:00 PM', 'Thursday: 9:00 AM – 5:00 PM', 'Friday: 9:00 AM – 5:00 PM', 'Saturday: Closed', 'Sunday: Closed']",5,40
Khot-La-Cha Art Gallery,Khot-La-Cha Art Gallery & Gift Shop,ChIJM1OZs9txhlQRVhI25fM3l_A,4,5,"['Monday: Open 24 hours', 'Tuesday: Open 24 hours', 'Wednesday: Open 24 hours', 'Thursday: Open 24 hours', 'Friday: Open 24 hours', 'Saturday: Closed', 'Sunday: Closed']",5,0
Kits Point Military History Museum,Museum of Vancouver,ChIJHZSzNzNyhlQRzmus61cqE5Y,4.3,524,"['Monday: Closed', 'Tuesday: Closed', 'Wednesday: 10:00 AM – 5:00 PM', 'Thursday: 10:00 AM – 5:00 PM', 'Friday: 10:00 AM – 5:00 PM', 'Saturday: 10:00 AM – 5:00 PM', 'Sunday: 10:00 AM – 5:00 PM']",5,35
Langley Centennial Museum,Langley Centennial Museum & Exhibition Centre,ChIJaajwdPbShVQRik-zbZqyktE,4.4,141,"['Monday: 11:00 AM – 3:00 PM', 'Tuesday: 11:00 AM – 3:00 PM', 'Wednesday: 11:00 AM – 3:00 PM', 'Thursday: 11:00 AM – 3:00 PM', 'Friday: 11:00 AM – 3:00 PM', 'Saturday: Closed', 'Sunday: Closed']",5,20
Lobby Gallery,Sasaki Art Gallery,ChIJ18-j2oJxhlQRcPSB1O4ZSdQ,4.8,4,"['Monday: 11:00 AM – 5:00 PM', 'Tuesday: 11:00 AM – 5:00 PM', 'Wednesday: Closed', 'Thursday: 11:00 AM – 5:00 PM', 'Friday: 11:00 AM – 5:00 PM', 'Saturday: 11:00 AM – 5:00 PM', 'Sunday: Closed']",5,30
Monte Clark Gallery,Monte Clark Gallery,ChIJN0Znx8dzhlQRgJHRIKMC2rA,4.5,16,"['Monday: Closed', 'Tuesday: 10:00 AM – 5:30 PM', 'Wednesday: 10:00 AM – 5:30 PM', 'Thursday: 10:00 AM – 5:30 PM', 'Friday: 10:00 AM – 5:30 PM', 'Saturday: 10:00 AM – 5:30 PM', 'Sunday: Closed']",5,37.5
Museum of Vancouver,Museum of Vancouver,ChIJHZSzNzNyhlQRzmus61cqE5Y,4.3,524,"['Monday: Closed', 'Tuesday: Closed', 'Wednesday: 10:00 AM – 5:00 PM', 'Thursday: 10:00 AM – 5:00 PM', 'Friday: 10:00 AM – 5:00 PM', 'Saturday: 10:00 AM – 5:00 PM', 'Sunday: 10:00 AM – 5:00 PM']",5,35
National Nikkei Museum - Heritage Centre,Nikkei National Museum & Cultural Centre,ChIJLyeICDV2hlQRLTTkKjyW6co,4.4,623,"['Monday: Closed', 'Tuesday: 10:00 AM – 5:00 PM', 'Wednesday: 10:00 AM – 5:00 PM', 'Thursday: 10:00 AM – 5:00 PM', 'Friday: 10:00 AM – 5:00 PM', 'Saturday: 10:00 AM – 5:00 PM', 'Sunday: Closed']",5,35
New West Artists Society,Arts Council of New Westminster,ChIJm9gL3eF3hlQRYLounZbUyJE,4.8,9,"['Monday: Closed', 'Tuesday: Closed', 'Wednesday: 10:00 AM – 2:00 PM', 'Thursday: 10:00 AM – 2:00 PM', 'Friday: 10:00 AM – 2:00 PM', 'Saturday: 10:00 AM – 2:00 PM', 'Sunday: 10:00 AM – 2:00 PM']",5,20
New Westminster Hyack Festival Association,Hyack Festival Association,ChIJ3_dUV27YhVQRDRDCJhd-K0M,4.9,8,"['Monday: 9:00 AM – 5:00 PM', 'Tuesday: 9:00 AM – 5:00 PM', 'Wednesday: 9:00 AM – 5:00 PM', 'Thursday: 9:00 AM – 5:00 PM', 'Friday: 9:00 AM – 5:00 PM', 'Saturday: Closed', 'Sunday: Closed']",5,40
New Westminster Museum & Archives,New Westminster Museum,ChIJVWdV0gzYhVQRObpum5rNjd0,4.3,72,"['Monday: Closed', 'Tuesday: Closed', 'Wednesday: 9:50 AM – 4:50 PM', 'Thursday: 9:50 AM – 4:50 PM', 'Friday: 9:50 AM – 4:50 PM', 'Saturday: 9:50 AM – 4:50 PM', 'Sunday: 9:50 AM – 4:50 PM']",5,35
Or Gallery,Or Gallery,ChIJzyCIRnlxhlQRtRcithH2IOg,4.4,10,"['Monday: Closed', 'Tuesday: 12:00 – 5:00 PM', 'Wednesday: 12:00 – 5:00 PM', 'Thursday: 12:00 – 5:00 PM', 'Friday: 12:00 – 5:00 PM', 'Saturday: 12:00 – 5:00 PM', 'Sunday: Closed']",5,25
Outreach Services,Carnegie Outreach Program,ChIJp0qaG3JxhlQRCwuR4Tim1dk,4.4,97,"['Monday: 9:00 AM – 4:00 PM', 'Tuesday: 9:00 AM – 4:00 PM', 'Wednesday: 9:00 AM – 4:00 PM', 'Thursday: 9:00 AM – 4:00 PM', 'Friday: 9:00 AM – 4:00 PM', 'Saturday: Closed', 'Sunday: Closed']",5,35
Pacific Museum of Earth,Pacific Museum of Earth,ChIJh7j5aspyhlQRTnlQmtvJeyU,4.4,115,"['Monday: 10:00 AM – 5:00 PM', 'Tuesday: 10:00 AM – 5:00 PM', 'Wednesday: 10:00 AM – 5:00 PM', 'Thursday: 10:00 AM – 5:00 PM', 'Friday: 10:00 AM – 5:00 PM', 'Saturday: Closed', 'Sunday: Closed']",5,35
Peter Kiss Gallery,Peter Kiss Gallery Inc,ChIJu9_w_85zhlQRBcwAfSaVI-A,5,7,"['Monday: Closed', 'Tuesday: Closed', 'Wednesday: 10:30 AM – 5:30 PM', 'Thursday: 10:30 AM – 5:30 PM', 'Friday: 10:30 AM – 5:30 PM', 'Saturday: 10:30 AM – 5:30 PM', 'Sunday: 10:30 AM – 5:30 PM']",5,35
Petley Jones Gallery,Petley Jones Gallery,ChIJmyfU08dzhlQRbxSU7vzHfuA,4.8,4,"['Monday: Closed', 'Tuesday: 10:00 AM – 6:00 PM', 'Wednesday: 10:00 AM – 6:00 PM', 'Thursday: 10:00 AM – 6:00 PM', 'Friday: 10:00 AM – 6:00 PM', 'Saturday: 10:00 AM – 6:00 PM', 'Sunday: Closed']",5,40
Presentation House Gallery,Presentation House Theatre,ChIJ5XIGxEtwhlQR0fm-_yM3hQw,4.2,127,"['Monday: 9:00 AM – 5:00 PM', 'Tuesday: 9:00 AM – 5:00 PM', 'Wednesday: 9:00 AM – 5:00 PM', 'Thursday: 9:00 AM – 5:00 PM', 'Friday: 9:00 AM – 5:00 PM', 'Saturday: Closed', 'Sunday: Closed']",5,40
Roy Barnett Recital Hall,UBC School of Music,ChIJkfM3ALRyhlQRDxcQU-OZBiA,4.6,16,"['Monday: 8:30 AM – 4:30 PM', 'Tuesday: 8:30 AM – 4:30 PM', 'Wednesday: 8:30 AM – 4:30 PM', 'Thursday: 8:30 AM – 4:30 PM', 'Friday: 8:30 AM – 4:30 PM', 'Saturday: Closed', 'Sunday: Closed']",5,40
Royal City Musical Theatre Company,Royal City Musical Theatre Society,ChIJVY646th3hlQRMTHFV3uGpEo,3.7,6,"['Monday: Closed', 'Tuesday: 12:00 – 6:00 PM', 'Wednesday: 12:00 – 6:00 PM', 'Thursday: 12:00 – 6:00 PM', 'Friday: 12:00 – 6:00 PM', 'Saturday: 12:00 – 6:00 PM', 'Sunday: Closed']",5,30
Silvana Mcnulty Garden Gals,Arts Council of New Westminster,ChIJm9gL3eF3hlQRYLounZbUyJE,4.8,9,"['Monday: Closed', 'Tuesday: Closed', 'Wednesday: 10:00 AM – 2:00 PM', 'Thursday: 10:00 AM – 2:00 PM', 'Friday: 10:00 AM – 2:00 PM', 'Saturday: 10:00 AM – 2:00 PM', 'Sunday: 10:00 AM – 2:00 PM']",5,20
Simon Fraser University Museum of Archaeology & Ethnology,Museum of Archaeology & Ethnology,ChIJ-_RV_sZ5hlQRzZg0ulZmBa8,4.3,64,"['Monday: 10:00 AM – 12:00 PM, 1:00 – 4:00 PM', 'Tuesday: 10:00 AM – 12:00 PM, 1:00 – 4:00 PM', 'Wednesday: 10:00 AM – 12:00 PM, 1:00 – 4:00 PM', 'Thursday: 10:00 AM – 12:00 PM, 1:00 – 4:00 PM', 'Friday: 10:00 AM – 12:00 PM, 1:00 – 4:00 PM', 'Saturday: Closed', 'Sunday: Closed']",5,25
Spencer Goring,Vancouver Film School,ChIJ46SFnnlxhlQRqBXj77T3L6k,4.6,189,"['Monday: 9:00 AM – 5:00 PM', 'Tuesday: 9:00 AM – 5:00 PM', 'Wednesday: 9:00 AM – 5:00 PM', 'Thursday: 9:00 AM – 5:00 PM', 'Friday: 9:00 AM – 5:00 PM', 'Saturday: Closed', 'Sunday: Closed']",5,40
Sum Gallery,Queer Arts Festival & SUM gallery,ChIJAQDA329xhlQRi5gRcGyzj64,4.8,8,"['Monday: Closed', 'Tuesday: 12:00 – 6:00 PM', 'Wednesday: 12:00 – 6:00 PM', 'Thursday: 12:00 – 6:00 PM', 'Friday: 12:00 – 6:00 PM', 'Saturday: 12:00 – 6:00 PM', 'Sunday: Closed']",5,30
Susan Mccallum,British Columbia Institute of Technology,ChIJ5f5T_SF3hlQRnRB6ZAeyWjU,3.5,43,"['Monday: 8:30 AM – 4:30 PM', 'Tuesday: 8:30 AM – 4:30 PM', 'Wednesday: 8:30 AM – 4:30 PM', 'Thursday: 8:30 AM – 4:30 PM', 'Friday: 8:30 AM – 4:30 PM', 'Saturday: Closed', 'Sunday: Closed']",5,40
Synthesis Consulting Ltd,Synthesis Design Inc.,ChIJ39cAik1whlQR8VC5Gg5V-rg,5,5,"['Monday: 8:30 AM – 5:30 PM', 'Tuesday: 8:30 AM – 5:30 PM', 'Wednesday: 8:30 AM – 5:30 PM', 'Thursday: 8:30 AM – 5:30 PM', 'Friday: 8:30 AM – 5:30 PM', 'Saturday: Closed', 'Sunday: Closed']",5,45
The Fort Gallery,Fort Gallery,ChIJZUjyL1nShVQRjYk17_A5OzA,4.5,11,"['Monday: Closed', 'Tuesday: 12:00 – 5:00 PM', 'Wednesday: 12:00 – 5:00 PM', 'Thursday: 12:00 – 5:00 PM', 'Friday: 12:00 – 5:00 PM', 'Saturday: 12:00 – 5:00 PM', 'Sunday: Closed']",5,25
The Polygon Gallery,The Polygon Gallery,ChIJB5VO1kxwhlQRK20LBQy-CCo,4.4,222,"['Monday: Closed', 'Tuesday: Closed', 'Wednesday: 10:00 AM – 5:00 PM', 'Thursday: 10:00 AM – 8:00 PM', 'Friday: 10:00 AM – 5:00 PM', 'Saturday: 10:00 AM – 5:00 PM', 'Sunday: 10:00 AM – 5:00 PM']",5,38
UBC Botanical Garden,UBC Botanical Garden,ChIJzfI36jINhlQRT_HCqL0fFeM,4.5,936,"['Monday: Closed', 'Tuesday: Closed', 'Wednesday: 10:00 AM – 5:00 PM', 'Thursday: 10:00 AM – 5:00 PM', 'Friday: 10:00 AM – 5:00 PM', 'Saturday: 10:00 AM – 5:00 PM', 'Sunday: 10:00 AM – 5:00 PM']",5,35
University of British Columbia: Rare Books And Special Collections,University of British Columbia: Library Special Collections Division,ChIJyRgNg7ZyhlQRozfznVr93Xc,5,4,"['Monday: 10:00 AM – 4:00 PM', 'Tuesday: 10:00 AM – 4:00 PM', 'Wednesday: 10:00 AM – 4:00 PM', 'Thursday: 10:00 AM – 4:00 PM', 'Friday: 10:00 AM – 4:00 PM', 'Saturday: Closed', 'Sunday: Closed']",5,30
Uno Langmann Limited Fine Arts,Uno Langmann Limited Fine Art,ChIJIzcthMhzhlQRrRPzhF5ss9w,4.7,19,"['Monday: Closed', 'Tuesday: 10:00 AM – 4:00 PM', 'Wednesday: 10:00 AM – 4:00 PM', 'Thursday: 10:00 AM – 4:00 PM', 'Friday: 10:00 AM – 4:00 PM', 'Saturday: 10:00 AM – 4:00 PM', 'Sunday: Closed']",5,30
Valerie Mcrae,McRae Portraits,ChIJ2bPD2T10hlQRFzQXonly5tk,4.7,11,"['Monday: 9:30 AM – 5:30 PM', 'Tuesday: 9:30 AM – 5:30 PM', 'Wednesday: 9:30 AM – 5:30 PM', 'Thursday: 9:30 AM – 5:30 PM', 'Friday: 9:30 AM – 5:30 PM', 'Saturday: Closed', 'Sunday: Closed']",5,40
Vancouver Holocaust Education Centre,Vancouver Holocaust Centre,ChIJexoR8Xh0hlQRcCjlkQHejk4,3.6,16,"['Monday: 9:00 AM – 5:00 PM', 'Tuesday: 9:00 AM – 5:00 PM', 'Wednesday: 9:00 AM – 5:00 PM', 'Thursday: 9:00 AM – 5:00 PM', 'Friday: 9:00 AM – 4:00 PM', 'Saturday: Closed', 'Sunday: Closed']",5,39
Vancouver Island University Museum of Natural History,Museum of Natural History,ChIJ_ZP-GPGjiFQRySEXJkDF6WM,4,1,"['Monday: 9:00 AM – 4:00 PM', 'Tuesday: 9:00 AM – 4:00 PM', 'Wednesday: 9:00 AM – 4:00 PM', 'Thursday: 9:00 AM – 4:00 PM', 'Friday: 9:00 AM – 4:00 PM', 'Saturday: Closed', 'Sunday: Closed']",5,35
Wil Aballe Art Projects,Wil Aballe Art Projects | WAAP,ChIJg6ZZBYd-C0ERtvyitXbaJOw,4.3,10,"['Monday: Closed', 'Tuesday: 12:00 – 5:00 PM', 'Wednesday: 12:00 – 5:00 PM', 'Thursday: 12:00 – 5:00 PM', 'Friday: 12:00 – 5:00 PM', 'Saturday: 12:00 – 5:00 PM', 'Sunday: Closed']",5,25
Winsor Gallery,Gallery Jones Fine Arts Ltd,ChIJR2S_phBuhlQRM9-rkVuzQcA,4.8,17,"['Monday: Closed', 'Tuesday: 11:00 AM – 6:00 PM', 'Wednesday: 11:00 AM – 6:00 PM', 'Thursday: 11:00 AM – 6:00 PM', 'Friday: 11:00 AM – 6:00 PM', 'Saturday: 12:00 – 5:00 PM', 'Sunday: Closed']",5,33
Bowen Island Public Library,Bowen Island Public Library,ChIJMfvcUqdrhlQRerSOChYEnf0,4.5,11,"['Monday: Closed', 'Tuesday: Closed', 'Wednesday: 12:00 – 4:00 PM', 'Thursday: 12:00 – 4:00 PM', 'Friday: 10:00 AM – 4:00 PM', 'Saturday: 12:00 – 4:00 PM', 'Sunday: Closed']",4,18
Britannia Shipyards National Historic Site,Britannia Shipyards National Historic Site,ChIJiyw6atDhhVQRM01c7wOOBQY,4.5,846,"['Monday: Closed', 'Tuesday: Closed', 'Wednesday: Closed', 'Thursday: 12:00 – 4:00 PM', 'Friday: 12:00 – 4:00 PM', 'Saturday: 12:00 – 4:00 PM', 'Sunday: 12:00 – 4:00 PM']",4,16
Chali-Rosso Gallery,Chali-Rosso Art Gallery,ChIJyVcY08dzhlQRLqFmehyfQ5k,4.5,61,"['Monday: Closed', 'Tuesday: Closed', 'Wednesday: Closed', 'Thursday: 12:00 – 6:00 PM', 'Friday: 12:00 – 6:00 PM', 'Saturday: 12:00 – 6:00 PM', 'Sunday: 12:00 – 6:00 PM']",4,24
City of Richmond Archives,City of Richmond Archives,ChIJt-nv48kKhlQRgXgtGA-kHYY,4,1,"['Monday: 9:00 AM – 4:30 PM', 'Tuesday: 9:00 AM – 4:30 PM', 'Wednesday: 9:00 AM – 4:30 PM', 'Thursday: 9:00 AM – 4:30 PM', 'Friday: Closed', 'Saturday: Closed', 'Sunday: Closed']",4,30
Deep Cove Heritage Society,Deep Cove Cultural Centre,ChIJt2EnC1J6hlQRyN6Ao6Wo2xI,4.7,12,"['Monday: Closed', 'Tuesday: Closed', 'Wednesday: Closed', 'Thursday: 11:00 AM – 4:00 PM', 'Friday: 11:00 AM – 4:00 PM', 'Saturday: 11:00 AM – 4:00 PM', 'Sunday: 11:00 AM – 4:00 PM']",4,20
Gordon Smith Gallery of Canadian Art,Gordon Smith Gallery of Canadian Art,ChIJV-ynPTxwhlQROsYq03Gr-yw,4.6,19,"['Monday: Closed', 'Tuesday: Closed', 'Wednesday: 12:00 – 5:00 PM', 'Thursday: 12:00 – 5:00 PM', 'Friday: 12:00 – 5:00 PM', 'Saturday: 12:00 – 5:00 PM', 'Sunday: Closed']",4,20
Helmcken House,Helmcken House Pioneer Doctor's Residence,ChIJL_SaUJF0j1QRBpArvk9xVxg,3.9,12,"['Monday: Closed', 'Tuesday: 12:00 – 2:00 PM', 'Wednesday: Closed', 'Thursday: 9:00 AM – 5:00 PM', 'Friday: 9:00 AM – 5:00 PM', 'Saturday: 9:00 AM – 5:00 PM', 'Sunday: Closed']",4,26
Heritage Chiropractic & Laser Therapy,Heritage Chiropractic,ChIJJ_sUPlLOhVQRUy_bkmFKuEg,5,12,"['Monday: 10:00 AM – 6:00 PM', 'Tuesday: 10:00 AM – 6:00 PM', 'Wednesday: 1:00 – 7:00 PM', 'Thursday: Closed', 'Friday: 10:00 AM – 6:00 PM', 'Saturday: Closed', 'Sunday: Closed']",4,42
Historic Stewart Farm,Historic Stewart Farm,ChIJmURORKjchVQRxhGwzQzdkfo,4.5,299,"['Monday: Closed', 'Tuesday: Closed', 'Wednesday: 1:00 – 3:30 PM', 'Thursday: 1:00 – 3:30 PM', 'Friday: 1:00 – 3:30 PM', 'Saturday: 1:00 – 3:30 PM', 'Sunday: Closed']",4,58
Janet Kvammen,New West Artists ~ Gallery on 12th Street,ChIJp9C7DFV3hlQRvTmsUO_y_oI,4.5,2,"['Monday: Closed', 'Tuesday: Closed', 'Wednesday: Closed', 'Thursday: 12:00 – 6:00 PM', 'Friday: 12:00 – 6:00 PM', 'Saturday: 12:00 – 6:00 PM', 'Sunday: 12:00 – 6:00 PM']",4,24
Jewish Historical Society of Bc,Jewish Museum and Archives of British Columbia,ChIJta5c93h0hlQRkn_YaPX2VOw,3.3,3,"['Monday: 9:00 AM – 5:00 PM', 'Tuesday: 9:00 AM – 5:00 PM', 'Wednesday: 9:00 AM – 5:00 PM', 'Thursday: 9:00 AM – 5:00 PM', 'Friday: Closed', 'Saturday: Closed', 'Sunday: Closed']",4,32
Judith Berlin,Western Front,ChIJMUTHbl9xhlQRrpkumTy2QaU,4.6,29,"['Monday: Closed', 'Tuesday: Closed', 'Wednesday: 1:00 – 5:00 PM', 'Thursday: 1:00 – 5:00 PM', 'Friday: 1:00 – 5:00 PM', 'Saturday: 1:00 – 5:00 PM', 'Sunday: Closed']",4,64
Lynn Valley Heritage Museum And Archives,MONOVA: Archives of North Vancouver,ChIJWTqqraB6hlQRAX6xAuOtI8Q,4,3,"['Monday: 1:00 – 3:00 PM', 'Tuesday: 1:00 – 3:00 PM', 'Wednesday: 11:00 AM – 3:00 PM', 'Thursday: 1:00 – 3:00 PM', 'Friday: Closed', 'Saturday: Closed', 'Sunday: Closed']",4,46
Museum of Surrey,Museum of Surrey,ChIJAaLgLAjQhVQRBAq1YXF0erg,4.5,418,"['Monday: Closed', 'Tuesday: Closed', 'Wednesday: 9:30 AM – 4:30 PM', 'Thursday: 9:30 AM – 4:30 PM', 'Friday: 9:30 AM – 4:30 PM', 'Saturday: 9:30 AM – 4:30 PM', 'Sunday: Closed']",4,28
North Vancouver Museum & Archives,MONOVA: Archives of North Vancouver,ChIJWTqqraB6hlQRAX6xAuOtI8Q,4,3,"['Monday: 1:00 – 3:00 PM', 'Tuesday: 1:00 – 3:00 PM', 'Wednesday: 11:00 AM – 3:00 PM', 'Thursday: 1:00 – 3:00 PM', 'Friday: Closed', 'Saturday: Closed', 'Sunday: Closed']",4,46
Pacific Theatre,Pacific Theatre,ChIJbdUaVr9zhlQRMJAh2Gg_XYc,4.6,118,"['Monday: Closed', 'Tuesday: 12:00 – 4:00 PM', 'Wednesday: 12:00 – 4:00 PM', 'Thursday: 12:00 – 4:00 PM', 'Friday: 12:00 – 4:00 PM', 'Saturday: Closed', 'Sunday: Closed']",4,16
Seymour Art Gallery,Seymour Art Gallery,ChIJp52CC1J6hlQRaXrBznBC2ec,4.7,20,"['Monday: Closed', 'Tuesday: Closed', 'Wednesday: Closed', 'Thursday: 11:00 AM – 5:00 PM', 'Friday: 11:00 AM – 5:00 PM', 'Saturday: 11:00 AM – 5:00 PM', 'Sunday: 11:00 AM – 5:00 PM']",4,24
Studio Theatre At Surrey Arts Centre,Surrey Art Gallery & Surrey Arts Centre,ChIJ7Rrhz5TZhVQRBD5h5gs5pv8,4.4,455,"['Monday: Closed', 'Tuesday: 4:00 – 5:30 PM, 6:00 – 7:30 PM', 'Wednesday: 4:00 – 5:30 PM, 6:00 – 7:30 PM', 'Thursday: 4:00 – 5:30 PM, 6:00 – 7:30 PM', 'Friday: Closed', 'Saturday: 10:00 AM – 11:30 PM', 'Sunday: Closed']",4,58.5
Surrey Art Gallery,Surrey Art Gallery & Surrey Arts Centre,ChIJ7Rrhz5TZhVQRBD5h5gs5pv8,4.4,455,"['Monday: Closed', 'Tuesday: 4:00 – 5:30 PM, 6:00 – 7:30 PM', 'Wednesday: 4:00 – 5:30 PM, 6:00 – 7:30 PM', 'Thursday: 4:00 – 5:30 PM, 6:00 – 7:30 PM', 'Friday: Closed', 'Saturday: 10:00 AM – 11:30 PM', 'Sunday: Closed']",4,58.5
The Art of Law Gallery,Surrey Art Gallery & Surrey Arts Centre,ChIJ7Rrhz5TZhVQRBD5h5gs5pv8,4.4,455,"['Monday: Closed', 'Tuesday: 4:00 – 5:30 PM, 6:00 – 7:30 PM', 'Wednesday: 4:00 – 5:30 PM, 6:00 – 7:30 PM', 'Thursday: 4:00 – 5:30 PM, 6:00 – 7:30 PM', 'Friday: Closed', 'Saturday: 10:00 AM – 11:30 PM', 'Sunday: Closed']",4,58.5
Vancouver Maritime Museum,Vancouver Maritime Museum,ChIJiVHFdzNyhlQRjW3eJ2KKZM0,4.4,188,"['Monday: Closed', 'Tuesday: Closed', 'Wednesday: Closed', 'Thursday: 10:00 AM – 5:00 PM', 'Friday: 10:00 AM – 5:00 PM', 'Saturday: 10:00 AM – 5:00 PM', 'Sunday: 10:00 AM – 5:00 PM']",4,28
West Vancouver Museum,Art Museum | West Vancouver,ChIJnfYm3BBuhlQRPLNVGwgMURo,5,3,"['Monday: Closed', 'Tuesday: Closed', 'Wednesday: 12:00 – 4:00 PM', 'Thursday: 12:00 – 4:00 PM', 'Friday: 12:00 – 4:00 PM', 'Saturday: 12:00 – 4:00 PM', 'Sunday: Closed']",4,16
West Vancouver Museum And Archives,Art Museum | West Vancouver,ChIJnfYm3BBuhlQRPLNVGwgMURo,5,3,"['Monday: Closed', 'Tuesday: Closed', 'Wednesday: 12:00 – 4:00 PM', 'Thursday: 12:00 – 4:00 PM', 'Friday: 12:00 – 4:00 PM', 'Saturday: 12:00 – 4:00 PM', 'Sunday: Closed']",4,16
Western Front - Gallery,Western Front,ChIJMUTHbl9xhlQRrpkumTy2QaU,4.6,29,"['Monday: Closed', 'Tuesday: Closed', 'Wednesday: 1:00 – 5:00 PM', 'Thursday: 1:00 – 5:00 PM', 'Friday: 1:00 – 5:00 PM', 'Saturday: 1:00 – 5:00 PM', 'Sunday: Closed']",4,64
Western Front - Luxe Hall,Western Front,ChIJMUTHbl9xhlQRrpkumTy2QaU,4.6,29,"['Monday: Closed', 'Tuesday: Closed', 'Wednesday: 1:00 – 5:00 PM', 'Thursday: 1:00 – 5:00 PM', 'Friday: 1:00 – 5:00 PM', 'Saturday: 1:00 – 5:00 PM', 'Sunday: Closed']",4,64
Back Gallery Project,Mónica Reyes Gallery,ChIJefqr9m1xhlQRZTckcy8tQWY,4.6,7,"['Monday: 11:00 AM – 2:00 PM', 'Tuesday: 11:00 AM – 2:00 PM', 'Wednesday: Closed', 'Thursday: Closed', 'Friday: Closed', 'Saturday: 11:00 AM – 2:00 PM', 'Sunday: Closed']",3,9
Cariboo Regional District Library System,Cariboo Regional District Library,ChIJS5pHlHwkgFMRClHMCsodI18,5,1,"['Monday: Closed', 'Tuesday: Closed', 'Wednesday: Closed', 'Thursday: 2:00 – 6:00 PM', 'Friday: 2:00 – 6:00 PM', 'Saturday: 2:00 – 6:00 PM', 'Sunday: Closed']",3,48
Centre A - Centre For Contemporary Asian Art,Centre A: Vancouver International Centre for Contemporary Asian Art,ChIJ36zlvedzhlQRnOYpQMJH0-Q,4.3,13,"['Monday: Closed', 'Tuesday: Closed', 'Wednesday: Closed', 'Thursday: 12:00 – 6:00 PM', 'Friday: 12:00 – 6:00 PM', 'Saturday: 12:00 – 6:00 PM', 'Sunday: Closed']",3,18
Gabor Gasztonyi Studio & Gallery,Gabor Gasztonyi Studio,ChIJ48zyBtd3hlQRbWDAHjW6LGA,4.8,9,"['Monday: Closed', 'Tuesday: Closed', 'Wednesday: Closed', 'Thursday: 10:00 AM – 5:30 PM', 'Friday: 10:00 AM – 5:30 PM', 'Saturday: 10:00 AM – 5:30 PM', 'Sunday: Closed']",3,22.5
Maple Ridge Museum,Maple Ridge Museum & Community Archives,ChIJF_K5z2fThVQRWdiwdo-HF8E,4.2,41,"['Monday: Closed', 'Tuesday: Closed', 'Wednesday: 1:00 – 4:00 PM', 'Thursday: Closed', 'Friday: 1:00 – 4:00 PM', 'Saturday: Closed', 'Sunday: 1:00 – 4:00 PM']",3,45
Pitt Meadows Museum,Pitt Meadows Museum General Store,ChIJOW55mUfUhVQRk1ozsqR9Itg,4.2,11,"['Monday: Closed', 'Tuesday: Closed', 'Wednesday: 11:00 AM – 4:00 PM', 'Thursday: 11:00 AM – 4:00 PM', 'Friday: Closed', 'Saturday: Closed', 'Sunday: 1:00 – 4:00 PM']",3,25
Roedde House,Roedde House Museum,ChIJj1udwilyhlQR1FRRZudhLlE,4.5,172,"['Monday: Closed', 'Tuesday: Closed', 'Wednesday: Closed', 'Thursday: 1:00 – 4:00 PM', 'Friday: 1:00 – 4:00 PM', 'Saturday: Closed', 'Sunday: 1:00 – 4:00 PM']",3,45
Simon Fraser Gallery,SFU Art Gallery,ChIJ3zZTl795hlQRe7RycIqHO4Q,3.6,7,"['Monday: Closed', 'Tuesday: 12:00 – 5:00 PM', 'Wednesday: 12:00 – 5:00 PM', 'Thursday: 12:00 – 5:00 PM', 'Friday: Closed', 'Saturday: Closed', 'Sunday: Closed']",3,15
Trench Gallery,Maple Ridge Museum & Community Archives,ChIJF_K5z2fThVQRWdiwdo-HF8E,4.2,41,"['Monday: Closed', 'Tuesday: Closed', 'Wednesday: 1:00 – 4:00 PM', 'Thursday: Closed', 'Friday: 1:00 – 4:00 PM', 'Saturday: Closed', 'Sunday: 1:00 – 4:00 PM']",3,45
Vogue Theatre,Vogue Theatre,ChIJGRkFKn5xhlQRT4PdHofkZ5E,4.3,1615,"['Monday: Closed', 'Tuesday: Closed', 'Wednesday: Closed', 'Thursday: 12:00 – 6:00 PM', 'Friday: 10:00 AM – 6:00 PM', 'Saturday: 12:00 – 6:00 PM', 'Sunday: Closed']",3,20
Dr. Sun Yat-Sen Classical Chinese Garden,Dr. Sun Yat-Sen Classical Chinese Garden,ChIJ8ToMkXpxhlQRYqJG8pg7rQI,4.2,3885,"['Monday: Closed', 'Tuesday: Closed', 'Wednesday: Closed', 'Thursday: Closed', 'Friday: Closed', 'Saturday: 11:00 AM – 4:00 PM', 'Sunday: 11:00 AM – 4:00 PM']",2,10
Dundarave Print Workshop & Gallery,Dundarave Print Workshop,ChIJbwuKZc5zhlQRYLbPe2ErWi4,4.5,2,"['Monday: Closed', 'Tuesday: Closed', 'Wednesday: Closed', 'Thursday: Closed', 'Friday: Closed', 'Saturday: 12:00 – 4:00 PM', 'Sunday: 12:00 – 4:00 PM']",2,8
Hastings Mill Store Museum,Old Hastings Mill Store Museum,ChIJaZKdbldyhlQRZkfvBTEVjpU,4.6,57,"['Monday: Closed', 'Tuesday: Closed', 'Wednesday: Closed', 'Thursday: Closed', 'Friday: Closed', 'Saturday: 1:00 – 4:00 PM', 'Sunday: 1:00 – 4:00 PM']",2,30
Historical Museum,The Museum of the Royal Westminster Regiment Historical Society,ChIJ5zj2mXPYhVQRE0rdictytQI,4.7,30,"['Monday: Closed', 'Tuesday: 11:00 AM – 3:00 PM', 'Wednesday: Closed', 'Thursday: 11:00 AM – 3:00 PM', 'Friday: Closed', 'Saturday: Closed', 'Sunday: Closed']",2,8
New Westminster Historical Society,The Museum of the Royal Westminster Regiment Historical Society,ChIJ5zj2mXPYhVQRE0rdictytQI,4.7,30,"['Monday: Closed', 'Tuesday: 11:00 AM – 3:00 PM', 'Wednesday: Closed', 'Thursday: 11:00 AM – 3:00 PM', 'Friday: Closed', 'Saturday: Closed', 'Sunday: Closed']",2,8
Stanley Park Nature House,Stanley Park Nature House on Lost Lagoon,ChIJcxJ3jIlxhlQRi5oOMHxmFPY,4.7,97,"['Monday: Closed', 'Tuesday: Closed', 'Wednesday: Closed', 'Thursday: Closed', 'Friday: Closed', 'Saturday: 10:00 AM – 4:00 PM', 'Sunday: 10:00 AM – 4:00 PM']",2,12
The Royal Westminster Regiment Museum,The Museum of the Royal Westminster Regiment Historical Society,ChIJ5zj2mXPYhVQRE0rdictytQI,4.7,30,"['Monday: Closed', 'Tuesday: 11:00 AM – 3:00 PM', 'Wednesday: Closed', 'Thursday: 11:00 AM – 3:00 PM', 'Friday: Closed', 'Saturday: Closed', 'Sunday: Closed']",2,8
15th Field Artillery Regiment Museum And Archives,15th Field Artillery Regiment (RCA),ChIJpdEUnLBzhlQR0ome6cv5el8,5,4,"['Monday: Closed', 'Tuesday: Closed', 'Wednesday: 7:00 – 10:00 PM', 'Thursday: Closed', 'Friday: Closed', 'Saturday: Closed', 'Sunday: Closed']",1,15
Catriona Jeffries Gallery,Catriona Jeffries,ChIJhUS8sGBxhlQRbBJxBu7_Dbs,4.4,15,"['Monday: Closed', 'Tuesday: Closed', 'Wednesday: Closed', 'Thursday: Closed', 'Friday: Closed', 'Saturday: 12:00 – 5:00 PM', 'Sunday: Closed']",1,5
Gms Observatory,Gordon Southam Observatory,ChIJSYNqWTNyhlQR7CmhWOWNXA4,3.9,28,"['Monday: Closed', 'Tuesday: Closed', 'Wednesday: Closed', 'Thursday: Closed', 'Friday: Closed', 'Saturday: 7:00 – 11:00 PM', 'Sunday: Closed']",1,16
7302754 Canada Inc,,0,,,,0,0
Abc Heritage Preschool And Child Care,ABC Preschool Academy,ChIJF3ZMao7RhVQRYMRn09PBo34,no data,0,0,0,0
Adamsons Heritage Nursery Ltd,,0,,,,0,0
Ahva Gallery,Ponderosa Commons East (Audain Art Centre and Spruce House),ChIJaUbtlrVyhlQREWwxkqr-Y9A,5,1,0,0,0
Aldergrove Festival Days Society,Aldergrove Festival Days,ChIJ_2qFN77LhVQRnDAtPFnP5GI,5,4,0,0,0
Angie Au Hemphill Studio,,0,,,,0,0
Anza Club (Australia-New Zealand Association),Australia-New Zealand Assn,ChIJfbmDXuBzhlQRHNXKrgZWudw,no data,0,0,0,0
Art Beatus,Art Beatus Consultancy Ltd,ChIJI6T7EtVzhlQRkZ-X3oqE714,no data,0,0,0,0
Art Emporium,The Art Emporium,ChIJq1etJL9zhlQRyQVGHdYMuGg,5,2,0,0,0
Art Works Gallery,Art Works Studio,ChIJCdJtmqJ2hlQRWaSBjjcbbnA,5,1,0,0,0
Artist In Residence,Artists in Residence Bed & Breakfast,ChIJi5nlHl0-hlQRyPv9o-tCe9w,no data,0,0,0,0
Artists In the Boro,,0,,,,0,0
Astorino's Hall,1739 Venables Hall,ChIJ2bl0Hz5xhlQRlDKnsxOcHNs,3.3,8,0,0,0
Ayden Gallery,Ayden Gallery,ChIJ6SNusXtxhlQRK8N9J0jL0Kw,4.5,2,0,0,0
Basic Inquiry,Basic Inquiry,ChIJlzjIE2VxhlQRqrbFvxb0mXw,5,6,0,0,0
BC Regiment (Duke of Connaught's Own) Museum,B.C. Regiment (Duke of Connaught's Own) Drill Hall,ChIJzzDVintxhlQR4vqB2PIfxAE,4.8,8,0,0,0
BC Sports Hall of Fame Museum,BC Sports Hall of Fame and Museum,ChIJn0O2T3xxhlQRXXnanXyhFdk,4.3,109,0,0,0
Bel Art Gallery,Bel Art Gallery,ChIJa7J60IJxhlQRST39dkZg-cE,no data,0,0,0,0
Bill Reid Centre For Northwest Coast Studies At Simon Fraser University,Simon Fraser University,ChIJJyJ6hcB5hlQRW7Uwbj9sUAA,4.1,606,0,0,0
Birthplace of BC Gallery,Birthplace of B.C. Gallery,ChIJKwuuKFnShVQR9c5T3OvERRE,5,1,0,0,0
Brenda Lee Fairfax,,0,,,,0,0
Britannia,Britannia,ChIJRRuHHz5xhlQR4hmHlRBhoXA,no data,0,0,0,0
Burnaby Village Museum,Burnaby Village Museum,ChIJA288NqZ3hlQRdrlOknfGAMk,4.6,2167,0,0,0
Canadian Society of Asian Arts,Canadian Society For Asian Arts,ChIJ_UE1KHd0hlQRYQfX7uiYkuI,no data,0,0,0,0
Candice James,,0,,,,0,0
Capilano College Performing Arts Theatre,BlueShore Financial Centre for the Performing Arts,ChIJl69lZ219C0ERajxofG1-6vc,4.5,69,0,0,0
Centennial Theatre,Centennial Theatre,ChIJmUtgCD1whlQRmo9aipB5yKU,4.2,375,0,0,0
Champlain Heights,Champlain Heights,ChIJFX49J9Z1hlQRHJYa_VcMfvI,no data,0,0,0,0
Chan Centre For the Performing Art - Concert Hall,Chan Centre for the Performing Arts,ChIJiV8337ByhlQRDOnSXQyGjYk,4.7,963,0,0,0
Cloverdale,Cloverdale,ChIJQ5iTERjFhVQR1LOMZ1QuE6c,no data,0,0,0,0
Colbourne House/ Marpole Museum,Colbourne House,ChIJZTIn6-p0hlQRp8C26vJN2nU,no data,0,0,0,0
Collingwood,Collingwood,ChIJ5TpY6tt7KogRIKeLM-hhvtk,no data,0,0,0,0
Cynthia Jennifer Smith,"Lewis Brisbois Bisgaard & Smith, LLP",ChIJI6Exe0wVkFQRgQfxZ49Urfo,5,1,0,0,0
David M. Adams,Post Hypnotic Press Inc.,ChIJUzQMXgzYhVQR7GIHNuH8AmU,no data,0,0,0,0
David Mcfarland,"David McFarland, MD",ChIJk_BB3KpukFQRFzBvXD0DzMg,no data,0,0,0,0
Deep Cove Shaw Theatre,Deep Cove Stage Society,ChIJhcEpdVJ6hlQR2lMO19cVNS8,4.7,25,0,0,0
Delphi Custom Theatres Inc,Delphi Custom Theatres Inc,ChIJyTGYeNXRhVQRNb07Q-FnTkk,no data,0,0,0,0
Delta Museum And Archives Society,Delta Museum,ChIJ19wKwunghVQRHJTzfCZ8s_4,3.4,5,0,0,0
Djavad Mowafaghian Cinema,SFU Goldcorp Centre for the Arts,ChIJwV6Ui3lxhlQRhgPt5mpbTdM,4.3,34,0,0,0
Doctor Vigari Gallery,The Doctor Vigari Gallery,ChIJfcNAp0dxhlQRV0LrL8RjRUc,4.7,6,0,0,0
Dogma Portraits,Dogma Pet Portraits,ChIJUecmOIrf3IARgwfO7s5xBtI,5,9,0,0,0
Dorothy Somerset Studio Theatre,Dorothy Somerset Studio,ChIJr_GGv7VyhlQRs4Ff7PhxsHA,4,13,0,0,0
Douglas Udell Gallery,Doug Udell Gallery Ltd,ChIJy5BkeshzhlQRyWgX0BFE8jE,no data,0,0,0,0
Dynamo Arts Association,Dynamo Arts Association,ChIJz1JVS4Z-C0ERI1BkLAMxfgM,4.7,3,0,0,0
Eileen Kernaghan,Simon Fraser University,ChIJJyJ6hcB5hlQRW7Uwbj9sUAA,4.1,606,0,0,0
Elissa Cristall Galleries,,0,,,,0,0
Elizabeth Elwood,Vagabond Players,ChIJJ33hhnXYhVQRtF9hk14UBuY,4.4,41,0,0,0
Euro Artistic Metals Ltd,Euro Artistic Metals Ltd,ChIJfUmd1iXShVQR7h7m8g-08Rk,no data,0,0,0,0
Famous Players Limited Partnership (Theatre),Cineplex Cinemas Langley,ChIJX72jRmPRhVQR6Wa_7qQLs_M,4.1,4121,0,0,0
Fanclub,Bryan Adams Fan Club,ChIJs2OIbXpxhlQRyUuPWmarndg,no data,0,0,0,0
Fei & Milton Wong Experimental Theatre,SFU Goldcorp Centre for the Arts,ChIJwV6Ui3lxhlQRhgPt5mpbTdM,4.3,34,0,0,0
Ferry Building Gallery,Ferry Building Gallery | West Vancouver,ChIJVcGhLxpuhlQRoiuGJ1DIu44,4.5,36,0,0,0
Film2Frame Studio Gallery,Film2Frame Studio Gallery Inc,ChIJXxAlvYPZhVQRCrE3LaoDNgw,4.5,2,0,0,0
Fleetwood,Fleetwood,ChIJ4XS8bq7QhVQRz3IB6GXpay0,no data,0,0,0,0
Fortune Sound Club,Fortune Sound Club,ChIJzRKRZXBxhlQRnjhd0FkQyqk,3.8,251,0,0,0
"Franci Louann, Poet, Mentor, Proofreader",,0,,,,0,0
Fraserview,Victoria-Fraserview,ChIJVdTDSSx0hlQRkD_-YoLKWLw,no data,0,0,0,0
Frederic Wood Theatre,Frederic Wood Theatre,ChIJ4RTE_bNyhlQRUehTTwHx3lA,4.6,74,0,0,0
Freeflow Scenics Studio,Freeflow Scenics Inc.,ChIJq6qDXfh3hlQR2mTnESC8jjA,no data,0,0,0,0
Gallery 295,Gallery 295,ChIJcSdxn2BxhlQRS7VtLJ8H2rE,5,1,0,0,0
Gallery of BC Ceramics,Daniel Materna Ceramics Gallery,ChIJdfJS_c5zhlQRQ63Fr5iKfHs,3.7,3,0,0,0
Gam Gallery,Gam Gallery,ChIJwzlQjnBxhlQR3ZgakIaQo1M,4.8,8,0,0,0
Gillian Wright,,0,,,,0,0
Guildford,Guildford,ChIJt0c96grXhVQRvmsAcBwOAAg,no data,0,0,0,0
Harrison Galleries,Harrison Art Services,ChIJcXH582pxhlQRTP2oEbkHLGw,5,3,0,0,0
Hatch Art Gallery,Hatch Art Gallery,ChIJ68YmydVzhlQReJ_7HXAqYtY,no data,0,0,0,0
Heidi Zolty,Ballet Classique H Z,ChIJoU-H8LVwhlQRDC7sWrBA2wY,5,3,0,0,0
Hendry Hall Theatre,,0,,,,0,0
Heritage Creek Design,Heritage Creek by Christenson Developments,ChIJBZ1vPACPn1MR0BDJqzbOE6U,3.8,4,0,0,0
Heritage Life Drawing Society,The Vancouver Life Drawing Society,ChIJT1B9B2VxhlQRZ7rjot6ql6Q,4,2,0,0,0
Heritage Mountain Community Centre,Heritage Mountain Community Centre,ChIJwcqorMx-hlQRuk1nZVfEQVs,4.5,31,0,0,0
Highland Dance With Miss Kathleen,Thistlebrook Academy of Highland Dance,ChIJAQCEhyvXhVQR56L73F7nzdA,no data,0,0,0,0
Hill's Native Art,,0,,,,0,0
Interurban Gallery,Interurban Gallery,ChIJs4tSC3pxhlQR7bVH_vbMDok,4.8,9,0,0,0
James Black Gallery,James Black Gallery,ChIJy3nr9F9xhlQRbdqCqDEVj9A,4.9,26,0,0,0
James Tan Gallery,James Tan Gallery,ChIJQWJXgHBxhlQRFdT693d-Qig,no data,0,0,0,0
Jericho Arts Centre,Jericho Arts Centre,ChIJo07lSfFyhlQRVnQVLKkME6Y,4.3,38,0,0,0
Jerry Mclaughlin,Better Days Society,ChIJAQDQ-azfhVQRM6HMB4hOEXk,no data,0,0,0,0
Jienelyn Dimatatac,,0,,,,0,0
Joann Heringer,,0,,,,0,0
Jonina Lynn Kirton,,0,,,,0,0
Judith Copland,Judith Copland,ChIJx_b-igR4hlQRokvxIrR-084,no data,0,0,0,0
Kate Colbourn,,0,,,,0,0
Kensington,Kensington-Cedar Cottage,ChIJ05rrgql2hlQRdAFfeg-7pKU,no data,0,0,0,0
Kerrisdale,Kerrisdale,ChIJU26xVGVzhlQRnWelOsO5RnE,no data,0,0,0,0
Kitsilano,Kitsilano,ChIJaakf77JzhlQRKLsSHv5SUBc,no data,0,0,0,0
Kw Atrium Studio,KW Atrium Studio,ChIJL5hTiXlxhlQR1vaApu3pflw,5,1,0,0,0
Kyle Mckillop,Simon Fraser University,ChIJJyJ6hcB5hlQRW7Uwbj9sUAA,4.1,606,0,0,0
Labyrinth Gallery,Isobel Davis Art,ChIJ4TGFyaJqkFQRD8t78mJUEGE,no data,0,0,0,0
Lanta Meng,Lanta Meng Studio,ChIJayway_d3hlQRgcg1WuSmO3k,no data,0,0,0,0
Laura C. Muir Performing Arts Theatre,Laura C Muir Performing Arts,ChIJ_1sgl3HYhVQRhOjmf7KaOBs,3.8,4,0,0,0
Legacy Heritage Consultants,Heritage Environmental Services,ChIJHeTbY2lDkFQRHk8l6GxPOgw,no data,0,0,0,0
Lipsett Glazing Systems Inc,Lipsett Glazing Systems,ChIJOzCGX-h3hlQRxHmWfw3JcY0,no data,0,0,0,0
Lisa Bunting,,0,,,,0,0
Little Mountain Gallery,Little Mountain Gallery,ChIJb13tafdzhlQR2arL0KyjZZI,4.8,96,0,0,0
Lorrie Wager,,0,,,,0,0
Lynn Canyon Ecology Centre,Lynn Canyon Suspension Bridge,ChIJo6mwbbx6hlQRfy2H6pWyz-k,4.7,4053,0,0,0
Main Branch,RBC Royal Bank,ChIJM-Z8ON93hlQRAKV3k9TWIls,2.7,51,0,0,0
Malkin Bowl,Malkin Bowl,ChIJY2kX8IxxhlQRMtQP6o-w-sY,4.5,199,0,0,0
Maple Ridge And Pitt Meadows Arts Council,The ACT Art Gallery,ChIJj9FSWV7ThVQRHWXsr0btQ4I,5,1,0,0,0
Margo Prentice Stand-Up Comic,,0,,,,0,0
"Margo Prentice, Golden Age Theatre, Artistic Director",,0,,,,0,0
Marilyn Norry,,0,,,,0,0
Marion Scott Gallery,Marion Scott Gallery,ChIJLYQCM3hxhlQR-qSOuoni8Bs,no data,0,0,0,0
Marpole,Marpole,ChIJjTdY9e10hlQRcJvGNd1RUx8,no data,0,0,0,0
Marya Mclellan,,0,,,,0,0
Massey Theatre,Massey Theatre,ChIJEXcdR27YhVQRDW-AvTKmIIA,4.2,425,0,0,0
Massey Theatre Society,Massey Theatre,ChIJEXcdR27YhVQRDW-AvTKmIIA,4.2,425,0,0,0
Metro Theatre,Metro Theatre Centre,ChIJPW1thul0hlQRf5GRVd2Ogo4,4.3,98,0,0,0
Mount Pleasant,Mount Pleasant,ChIJI6554F5xhlQRBuVvIo-0v8A,no data,0,0,0,0
Museum Annex,Delta Museum,ChIJ19wKwunghVQRHJTzfCZ8s_4,3.4,5,0,0,0
Museum of Original Costume The,,0,,,,0,0
New West Heritage Hall,Heritage Banquet Hall,ChIJkeF8B9d3hlQRzcuQoJnmfWE,3.9,9,0,0,0
Norman Rothstein Theatre,Norman Rothstein Theatre,ChIJta5c93h0hlQRQdc4TV2xxbY,4.2,80,0,0,0
Oakridge Branch,"Vancouver Public Library, Oakridge Branch",ChIJFQ8vNHd0hlQRBaSY62maK2M,4.2,40,0,0,0
Oblates of Mary Immaculate St. Paul's Province -Oblate Archives,,0,,,,0,0
Ocean Park,Ocean Park,ChIJ0SScJDrDhVQRGXxRWj8482M,no data,0,0,0,0
Old Auditorium,UBC Old Auditorium,ChIJWVM2prZyhlQRKpHpNFSQfMk,5,2,0,0,0
On Main Gallery,On Main Gallery,ChIJo47wJfZzhlQRuwrD8JgSCIY,no data,0,0,0,0
Orpheum Annex,Annex,ChIJxy_lS35xhlQRR-M1-FHRlQg,4.5,119,0,0,0
Pacific Cinémathèque,The Cinematheque,ChIJnSJO_9RzhlQR02WmJ7AlO3s,4.5,269,0,0,0
Pal Studio Theatre,Pal Studio Theatre,ChIJCf2eJYZxhlQROagIdiJjAAY,4.5,52,0,0,0
Performance Works,Performance Works,ChIJ8dXFmM9zhlQRK7b4fowQYx8,4.4,199,0,0,0
Peri-Laine Nilan,,0,,,,0,0
Peter Lojewski,Blazej Lojewski M.D.,ChIJ0ZcLIszJD4gRZ4U8ikud9BE,no data,0,0,0,0
Plaskett Gallery,Massey Theatre,ChIJEXcdR27YhVQRDW-AvTKmIIA,4.2,425,0,0,0
Points West Heritage Consulting Ltd,Points West Heritage Conslntng,ChIJC23OevLIhVQROq0kFYtI8kI,4,1,0,0,0
Port Coquitlam Heritage & Cultural Society,PoCo Heritage Museum and Archives,ChIJszrLp6x4hlQRI3_Tsq2hXL0,4.5,17,0,0,0
Port Kells,Port Kells,ChIJb9Vr8j7RhVQR5J4U7cyMsX4,no data,0,0,0,0
Queen Elizabeth Theatre,Queen Elizabeth Theatre,ChIJ5_VBAXxxhlQRWnjI61A3nX8,4.5,3666,0,0,0
Queensborough,Queensborough,ChIJV8NB9JTYhVQR7ymumQDmSlA,no data,0,0,0,0
Razzberry Art And Design,,0,,,,0,0
Rennie Collection At Wing Sang,Rennie Museum,ChIJ04vCfXpxhlQRu-4DVzNzgz4,4.5,62,0,0,0
Richard R. Carswell,,0,,,,0,0
Rio Theatre,Rio Theatre,ChIJifVE3k5xhlQRUcBOhcGR4Rs,4.6,1673,0,0,0
Samson V Maritime Museum,Samson V Museum,ChIJQb557W_YhVQRZ3MARIzx_Go,4.4,21,0,0,0
Samson V Museum,Samson V Museum,ChIJQb557W_YhVQRZ3MARIzx_Go,4.4,21,0,0,0
Seaforth Highlanders of Canada Regimental Museum And Archives,Seaforth Highlanders Regimental Museum,ChIJudf489JzhlQRXxtOxpMkQlc,4.8,10,0,0,0
Shadows & Dreams Theatre Company,,0,,,,0,0
Silk Purse Arts Centre,Silk Purse Arts Centre,ChIJFVgIZBpuhlQRyYpiMVZbf2U,4.1,21,0,0,0
Société Historique Francophone De La Colombie-Britannique,La Société historique francophone de la Colombie-Britannique,ChIJVVUV38dzhlQRXWYWGXQkSw8,no data,0,0,0,0
Steveston Museum And Visitor Centre,Tourism Richmond Visitor Centre,ChIJO0tJXtjhhVQRS8jDU5Pv2U8,4.4,14,0,0,0
Strawberry Hill,Cineplex Cinemas Strawberry Hill,ChIJTzwyUWDZhVQRoCA1JbJPMO4,4.2,4175,0,0,0
Surrey Little Theatre,Surrey Little Theatre,ChIJAYBGyUTQhVQRDat4r2ts-io,4.6,45,0,0,0
Surrey Museum & Archives,Surrey Archives,ChIJESujdqfahVQRYe0bXMJugsk,4.4,66,0,0,0
Teck Gallery,SFU Teck Gallery,ChIJF7DmYHhxhlQRBma1LSJ1750,no data,0,0,0,0
Terry Erickson,"Terry Erickson, DC",ChIJVz4Od8cM9ocRBOG3cewMXoM,no data,0,0,0,0
The Act Arts Centre & Theatre,The ACT Arts Centre,ChIJi_sBjF7ThVQRB7_aVA4h1KM,4.6,284,0,0,0
The Apartment,Albert Block Studio Apartments,ChIJpc2C5m9xhlQRy0Fou9tawQw,4,3,0,0,0
The Bernie Legge Theatre,Bernie Legge Theatre,ChIJN06WngnYhVQRuDrjNx8E920,4.9,10,0,0,0
The Michael J Fox Theatre Society,Michael J Fox Theatre,ChIJ9baKDEd2hlQRUEl20T9jMaw,4.4,579,0,0,0
Tracey Lawrence Gallery,Lawrence Eng Gallery,ChIJlReH5chzhlQR4wx1XS5Nak4,no data,0,0,0,0
Twilight Drive-In Theatre Ltd,Twilight Drive-In Theatre,ChIJPc3f7frLhVQR_B7AYacPZCA,4.7,1664,0,0,0
Underwater Archaeological Society of British Columbia,,0,,,,0,0
Unit/Pitt Projects,,0,,,,0,0
United Church of Canada B.C. Conference Archives,Oakridge United Church,ChIJex-BQXF0hlQRuNHxc9ymBnU,5,1,0,0,0
University of Bc: Charles Woodward Memorial Room,Woodward Library,ChIJ_1xQ1bdyhlQR8_ytCOZZlBI,3.8,8,0,0,0
Vagabond Theatre/Fisheries Exibition Building,Vagabond Players,ChIJJ33hhnXYhVQRtF9hk14UBuY,4.4,41,0,0,0
Van Dop Gallery,Van Dop Gallery,ChIJ17y82fd3hlQRJNucsf4PppI,4.8,11,0,0,0
Vancouver East Cultural Centre - Vancity Culture Lab,"Vancity Culture Lab, The Cultch",ChIJwXipwj1xhlQRdYmrhuSfVQc,4.8,8,0,0,0
Vancouver Naval Museum,Naval Museum at H.M.C.S. Discovery,ChIJUcAHihBuhlQRNvdDAY0mXKo,4.6,42,0,0,0
Vancouver Playhouse Theatre,Vancouver Playhouse,ChIJrefVTXlxhlQRC_DwJyfCiUk,4.5,500,0,0,0
Vancouver Police Museum,Vancouver Police Museum & Archives,ChIJo3B9CHFxhlQRCmfgCcpG0BQ,4.2,408,0,0,0
Vancouver Symphony Orchestra School of Music - Recital Hall (Pyatt Hall),Pyatt Hall at the VSO School Of Music,ChIJU78AMH5xhlQRJsUwPms458E,4.7,9,0,0,0
Vivo Media Arts Centre,VIVO Media Arts Centre,ChIJqV1Le2BxhlQR7B0Y7--RnxY,4.6,21,0,0,0
Waterfront Theatre,Waterfront Theatre,ChIJa-uj485zhlQRBK6mZbG5I28,4.5,155,0,0,0
Woodward's Atrium,Woodward's 43,ChIJo8K5knlxhlQRBkyzjcK92Bg,4.3,108,0,0,0
York Theatre,"York Theatre, The Cultch",ChIJQY5X1xVxhlQRXcRkTyGbCbs,4.5,306,0,0,0
Yuk Yuk's Comedy Club,Yuk Yuk's Comedy Club Vancouver,ChIJuycZ1-dzhlQRSZsBQvvwklo,4.4,782,0,0,0
Zemi Cultural Heritage Services,,0,,,,0,0